Respondent ID,Collector ID,Start Date,End Date,IP Address,Email Address,First Name,Last Name,Custom Data 1,collector_type_source,When was the last time you searched for answers to your questions online?,Which of the following tools did you use to find answers to your questions? Select the one you used first if you used multiple.,,Gender,Age,Major US Region,Device,Household Income
,,,,,,,,,,Response,Response,Other (please specify),,,,,
118682919118,457665022,09/02/2024 02:44:30 PM,09/02/2024 02:44:47 PM,,,,,5a0e17a374a15a72007d3d8e10,smc,Last hour,ChatGPT,,male,45_to_60,middle_atlantic,android_mobile,175000_to_199999
118682918552,457665022,09/02/2024 02:42:33 PM,09/02/2024 02:43:02 PM,,,,,32f999bc50f36b3a958ae0bb01,smc,Yesterday,Google,,female,45_to_60,mountain,ios_mobile,10000_to_24999
118682918058,457665022,09/02/2024 02:38:45 PM,09/02/2024 02:41:44 PM,,,,,c3439343438fab260ef9af795b,smc,,ChatGPT,,male,30_to_44,middle_atlantic,android_mobile,175000_to_199999
118682917563,457665022,09/02/2024 02:38:44 PM,09/02/2024 02:40:26 PM,,,,,ecffcb31d5063376c66cd512a3,smc,Today,Bing,,male,30_to_44,middle_atlantic,android_mobile,200000_and_up
118682917492,457665022,09/02/2024 02:38:13 PM,09/02/2024 02:40:16 PM,,,,,a1cc69e0d7e74293415d2c1a50,smc,Today,Google,,male,30_to_44,middle_atlantic,android_mobile,200000_and_up
118682917151,457665022,09/02/2024 02:38:41 PM,09/02/2024 02:39:54 PM,,,,,44fdb9c90784b000c8a9735d3c,smc,Last week,Google,,male,18_to_29,middle_atlantic,android_mobile,100000_to_124999
118682917341,457665022,09/02/2024 02:38:19 PM,09/02/2024 02:39:52 PM,,,,,871a90c9f962e861c2df0dc890,smc,Last hour,ChatGPT,,male,30_to_44,middle_atlantic,android_mobile,200000_and_up
118682917204,457665022,09/02/2024 02:38:42 PM,09/02/2024 02:39:31 PM,,,,,845dd1a032a011bc5312609bfe,smc,Last hour,Other (please specify),We yea and I have,male,18_to_29,middle_atlantic,ios_mobile,25000_to_49999
118682917127,457665022,09/02/2024 02:38:10 PM,09/02/2024 02:39:18 PM,,,,,a55230faeb9ce4d37462761c14,smc,Today,Google,,female,30_to_44,south_atlantic,ios_mobile,50000_to_74999
118682916997,457665022,09/02/2024 02:38:39 PM,09/02/2024 02:38:57 PM,,,,,7588164d42625472a9eabe3bcc,smc,Last hour,Bing,,female,30_to_44,west_south_central,android_mobile,125000_to_149999
118682916989,457665022,09/02/2024 02:38:30 PM,09/02/2024 02:38:55 PM,,,,,53604da754326d39698f636b05,smc,Last hour,ChatGPT,,male,30_to_44,middle_atlantic,android_mobile,100000_to_124999
118682916974,457665022,09/02/2024 02:38:31 PM,09/02/2024 02:38:53 PM,,,,,ef218f454283c4539edb2f1d41,smc,Last week,Google,,female,30_to_44,pacific,android_mobile,125000_to_149999
118682916948,457665022,09/02/2024 02:38:39 PM,09/02/2024 02:38:50 PM,,,,,baeee560ca84bec1dd68be203d,smc,Today,Google,,female,30_to_44,west_north_central,ios_mobile,50000_to_74999
118682916936,457665022,09/02/2024 02:38:34 PM,09/02/2024 02:38:48 PM,,,,,b51757051ed12eee4f4226fdb3,smc,Today,Google,,male,30_to_44,west_south_central,android_mobile,100000_to_124999
118682916931,457665022,09/02/2024 02:38:25 PM,09/02/2024 02:38:48 PM,,,,,63e8c8f349c4b9eb946f9d7029,smc,Last hour,Google,,female,30_to_44,south_atlantic,android_mobile,150000_to_174999
118682916917,457665022,09/02/2024 02:38:31 PM,09/02/2024 02:38:46 PM,,,,,79f4c3c202e12034371a202ee7,smc,Today,Google,,female,30_to_44,middle_atlantic,android_mobile,100000_to_124999
118682916906,457665022,09/02/2024 02:38:00 PM,09/02/2024 02:38:43 PM,,,,,016c24878963c82ed440426579,smc,Today,ChatGPT,,male,30_to_44,pacific,android_mobile,200000_and_up
118682916879,457665022,09/02/2024 02:38:28 PM,09/02/2024 02:38:37 PM,,,,,d98d358d3d1a0d8426a68c4790,smc,Today,Google,,male,18_to_29,west_south_central,ios_mobile,0_to_9999
118682916876,457665022,09/02/2024 02:38:15 PM,09/02/2024 02:38:36 PM,,,,,f9958cde8729bf80da08112975,smc,Today,Google,,male,30_to_44,new_england,ios_mobile,75000_to_99999
118682916865,457665022,09/02/2024 02:38:04 PM,09/02/2024 02:38:33 PM,,,,,251d8aafa251d72196b4db9612,smc,Today,Yahoo,,female,30_to_44,pacific,ios_mobile,200000_and_up
118682916790,457665022,09/02/2024 02:38:04 PM,09/02/2024 02:38:19 PM,,,,,a646c8ce16e8d4b8e4ced5228f,smc,Today,Google,,female,30_to_44,middle_atlantic,ios_mobile,50000_to_74999
118682916787,457665022,09/02/2024 02:38:04 PM,09/02/2024 02:38:19 PM,,,,,efc5b744b06e45251a74bd39ce,smc,Yesterday,Google,,male,30_to_44,pacific,android_mobile,25000_to_49999
118682916764,457665022,09/02/2024 02:38:04 PM,09/02/2024 02:38:14 PM,,,,,082706992b6c8df08576a6641e,smc,Last hour,Google,,male,30_to_44,pacific,ios_mobile,50000_to_74999
118682916654,457665022,09/02/2024 02:37:41 PM,09/02/2024 02:37:56 PM,,,,,f5c638753e601100e802e49043,smc,Last hour,Yahoo,,female,30_to_44,east_north_central,ios_mobile,no_answer
118682914413,457665022,09/02/2024 02:31:03 PM,09/02/2024 02:31:29 PM,,,,,a9cadc874cbf3d6a7526aa29e8,smc,Last hour,Google,,female,30_to_44,south_atlantic,android_mobile,25000_to_49999
118682914412,457665022,09/02/2024 02:31:15 PM,09/02/2024 02:31:29 PM,,,,,3fe5d801ba310f71de7a93c9e2,smc,This week,Google,,female,30_to_44,west_north_central,ios_mobile,125000_to_149999
118682913377,457665022,09/02/2024 02:28:11 PM,09/02/2024 02:28:37 PM,,,,,4213a6f6179be9ab0f8edb455f,smc,Today,ChatGPT,,male,30_to_44,south_atlantic,ios_mobile,0_to_9999
118682913228,457665022,09/02/2024 02:27:59 PM,09/02/2024 02:28:14 PM,,,,,aa0404ce057a80322afc5c3698,smc,Last hour,Google,,male,30_to_44,east_south_central,android_mobile,100000_to_124999
118682913122,457665022,09/02/2024 02:27:45 PM,09/02/2024 02:27:58 PM,,,,,8d5b1751b73baed2bd0b5f5aba,smc,Yesterday,ChatGPT,,male,30_to_44,middle_atlantic,android_mobile,200000_and_up
118682912612,457665022,09/02/2024 02:26:17 PM,09/02/2024 02:26:40 PM,,,,,6dd4a929915587da3fecb194e8,smc,Today,Google,,female,30_to_44,west_north_central,ios_mobile,100000_to_124999
118682910279,457665022,09/02/2024 02:20:25 PM,09/02/2024 02:20:39 PM,,,,,9e9f4a3d29480be3f4e9442fba,smc,Today,Google,,female,30_to_44,east_north_central,android_mobile,10000_to_24999
118682909486,457665022,09/02/2024 02:18:03 PM,09/02/2024 02:18:38 PM,,,,,ffff361ef0ee1715f0d68f45b2,smc,Today,Google,,male,18_to_29,pacific,android_mobile,10000_to_24999
118682909191,457665022,09/02/2024 02:17:18 PM,09/02/2024 02:17:51 PM,,,,,a0073b2de01794a2141fcdfe57,smc,Today,Google,,female,60_above,mountain,pc_windows,no_answer
118682907758,457665022,09/02/2024 02:14:14 PM,09/02/2024 02:14:30 PM,,,,,2400f8b386229b8b972051a558,smc,Today,DuckDuckGo,,male,30_to_44,mountain,ios_mobile,25000_to_49999
118682907501,457665022,09/02/2024 02:12:48 PM,09/02/2024 02:13:56 PM,,,,,5ec5175131e366551df33762fc,smc,Today,Google,,female,30_to_44,south_atlantic,android_mobile,75000_to_99999
118682906590,457665022,09/02/2024 02:11:10 PM,09/02/2024 02:11:29 PM,,,,,4eb76a919fc9b8ca548608515d,smc,Today,Google,,male,45_to_60,middle_atlantic,android_mobile,150000_to_174999
118682906463,457665022,09/02/2024 02:10:43 PM,09/02/2024 02:11:07 PM,,,,,38de575992398df0a2e029ca21,smc,This week,Google,,male,30_to_44,west_south_central,android_mobile,125000_to_149999
118682904974,457665022,09/02/2024 02:06:56 PM,09/02/2024 02:07:15 PM,,,,,65d8c0e437b1befdb7cd0ba218,smc,Yesterday,Google,,female,30_to_44,west_north_central,android_mobile,100000_to_124999
118682903483,457665022,09/02/2024 02:02:59 PM,09/02/2024 02:03:23 PM,,,,,7116d9c5f374d3267e31ae8476,smc,Today,Google,,male,30_to_44,east_north_central,ios_mobile,25000_to_49999
118682902032,457665022,09/02/2024 01:59:12 PM,09/02/2024 01:59:37 PM,,,,,71c27f57c13786f907a9c406a5,smc,Today,Google,,male,18_to_29,mountain,android_mobile,50000_to_74999
118682901848,457665022,09/02/2024 01:58:42 PM,09/02/2024 01:59:07 PM,,,,,9d2141e790632f0c1a5dce43d8,smc,This month,Perplexity,,male,30_to_44,west_north_central,ios_mobile,125000_to_149999
118682900122,457665022,09/02/2024 01:54:26 PM,09/02/2024 01:54:41 PM,,,,,6188b043de46940a2d5232479f,smc,Yesterday,ChatGPT,,female,18_to_29,pacific,ios_mobile,50000_to_74999
118682899896,457665022,09/02/2024 01:53:50 PM,09/02/2024 01:54:05 PM,,,,,1de5937fc06c0eff2d94195d1b,smc,Last hour,Google,,male,30_to_44,mountain,ios_mobile,50000_to_74999
118682899519,457665022,09/02/2024 01:52:51 PM,09/02/2024 01:53:08 PM,,,,,c7bc7059186258ddf751f8dd7a,smc,Last hour,Google,,female,30_to_44,south_atlantic,ios_mobile,25000_to_49999
118682899389,457665022,09/02/2024 01:52:36 PM,09/02/2024 01:52:48 PM,,,,,64149c42fc772fbd4b1ca55536,smc,Last hour,Google,,male,30_to_44,middle_atlantic,android_mobile,25000_to_49999
118682898742,457665022,09/02/2024 01:50:35 PM,09/02/2024 01:51:09 PM,,,,,b293140bc2a739b87e939b468f,smc,Today,Google,,male,18_to_29,east_north_central,ios_mobile,50000_to_74999
118682897968,457665022,09/02/2024 01:48:55 PM,09/02/2024 01:49:10 PM,,,,,2de6396c8083545a7abade4a4a,smc,Today,Google,,male,30_to_44,east_south_central,android_mobile,10000_to_24999
118682897359,457665022,09/02/2024 01:47:18 PM,09/02/2024 01:47:38 PM,,,,,04ee2ac20493b03b67148aab73,smc,Today,Google,,female,18_to_29,west_south_central,ios_mobile,10000_to_24999
118682896659,457665022,09/02/2024 01:45:28 PM,09/02/2024 01:45:50 PM,,,,,4eedbffb22bda123a346789738,smc,Last hour,Google,,female,18_to_29,east_south_central,ios_mobile,10000_to_24999
118682896522,457665022,09/02/2024 01:45:15 PM,09/02/2024 01:45:29 PM,,,,,add101696b458110ea163c0e85,smc,Today,Google,,male,30_to_44,middle_atlantic,android_mobile,150000_to_174999
118682896366,457665022,09/02/2024 01:44:48 PM,09/02/2024 01:45:07 PM,,,,,86aa106fa59b4f2ef8978bcf5c,smc,This week,Google,,female,18_to_29,west_south_central,ios_mobile,25000_to_49999
118682896138,457665022,09/02/2024 01:44:16 PM,09/02/2024 01:44:28 PM,,,,,0c18d6e8f461dfc0320177936f,smc,Last hour,Google,,male,30_to_44,east_north_central,android_mobile,50000_to_74999
118682895444,457665022,09/02/2024 01:41:43 PM,09/02/2024 01:42:29 PM,,,,,5c49307fcb500b1b5cfb4254e5,smc,Today,Google,,male,18_to_29,new_england,ios_mobile,25000_to_49999
118682894605,457665022,09/02/2024 01:39:54 PM,09/02/2024 01:40:15 PM,,,,,2c2aec405a223ca2e2d3c5f4aa,smc,Today,Google,,male,30_to_44,south_atlantic,android_mobile,50000_to_74999
118682894458,457665022,09/02/2024 01:39:24 PM,09/02/2024 01:39:49 PM,,,,,184660251ceb516ee15624fb69,smc,This week,Google,,female,45_to_60,middle_atlantic,ios_mobile,no_answer
118682894292,457665022,09/02/2024 01:39:12 PM,09/02/2024 01:39:26 PM,,,,,41957441d6e939f2a43062bca9,smc,Today,Google,,female,18_to_29,west_north_central,ios_mobile,50000_to_74999
118682893708,457665022,09/02/2024 01:37:45 PM,09/02/2024 01:37:56 PM,,,,,129811cae75e2d0d2b4f87848d,smc,Last hour,Other,,female,30_to_44,east_north_central,ios_mobile,10000_to_24999
118682893266,457665022,09/02/2024 01:36:34 PM,09/02/2024 01:36:49 PM,,,,,5e4af1a7b629cb4d8a150248f4,smc,Last hour,Google,,male,30_to_44,east_north_central,ios_mobile,10000_to_24999
118682892825,457665022,09/02/2024 01:35:21 PM,09/02/2024 01:35:38 PM,,,,,650621e2eba9a90789e1f6ac5b,smc,Last hour,Google,,female,60_above,west_south_central,ios_mobile,100000_to_124999
118682892402,457665022,09/02/2024 01:34:21 PM,09/02/2024 01:34:31 PM,,,,,e79709ca546bba01a688c8aa68,smc,Last hour,DuckDuckGo,,female,18_to_29,east_south_central,ios_mobile,10000_to_24999
118682892039,457665022,09/02/2024 01:33:24 PM,09/02/2024 01:33:38 PM,,,,,3061bcc0da2524c7b1caeed690,smc,Today,Google,,female,18_to_29,west_south_central,ios_mobile,0_to_9999
118682891702,457665022,09/02/2024 01:32:20 PM,09/02/2024 01:32:41 PM,,,,,ba144e17f3f76575aca61aeb08,smc,Last hour,Google,,female,30_to_44,east_north_central,android_mobile,25000_to_49999
118682891588,457665022,09/02/2024 01:32:02 PM,09/02/2024 01:32:20 PM,,,,,4f65e7eb5235698f6c22e277cb,smc,Last hour,Google,,female,45_to_60,west_south_central,ios_mobile,0_to_9999
118682891420,457665022,09/02/2024 01:31:39 PM,09/02/2024 01:31:56 PM,,,,,7eb066d564151fe225dba9d4eb,smc,Today,Google,,male,45_to_60,south_atlantic,ios_mobile,200000_and_up
118682891204,457665022,09/02/2024 01:30:38 PM,09/02/2024 01:31:25 PM,,,,,dad1ada4882b55ae80bc73a430,smc,Today,Google,,female,30_to_44,east_north_central,android_mobile,75000_to_99999
118682891049,457665022,09/02/2024 01:30:48 PM,09/02/2024 01:31:01 PM,,,,,e124035c2d6fc1ef4ecc352a6b,smc,Today,Google,,male,18_to_29,west_south_central,ios_mobile,100000_to_124999
118682886093,457665022,09/02/2024 01:18:13 PM,09/02/2024 01:18:33 PM,,,,,d16cbffd1e44d5778ec6f1e04f,smc,Today,Google,,male,30_to_44,pacific,android_mobile,75000_to_99999
118682884305,457665022,09/02/2024 01:13:33 PM,09/02/2024 01:13:53 PM,,,,,4c9103b6daa61b4cfcd6a1892b,smc,Today,Bing,,male,18_to_29,pacific,android_mobile,100000_to_124999
118682884192,457665022,09/02/2024 01:13:16 PM,09/02/2024 01:13:36 PM,,,,,02c0ad07ce2fe50fa290f1d469,smc,Yesterday,Google,,female,30_to_44,pacific,ios_mobile,150000_to_174999
118682882406,457665022,09/02/2024 01:08:54 PM,09/02/2024 01:09:14 PM,,,,,bd6df6b3927bbf90c5a08b717e,smc,Today,Google,,female,18_to_29,west_north_central,ios_mobile,25000_to_49999
118682877775,457665022,09/02/2024 12:57:56 PM,09/02/2024 12:58:11 PM,,,,,0608712b613026557b592418ca,smc,This week,Google,,female,30_to_44,east_north_central,ios_mobile,75000_to_99999
118682877250,457665022,09/02/2024 12:56:44 PM,09/02/2024 12:57:00 PM,,,,,47a3bd6a40f3fe9919288524f9,smc,Last hour,Google,,female,30_to_44,,ios_mobile,50000_to_74999
118682873197,457665022,09/02/2024 12:46:58 PM,09/02/2024 12:47:10 PM,,,,,c92354b1e05da7845077aab15f,smc,Yesterday,Google,,female,18_to_29,middle_atlantic,ios_mobile,100000_to_124999
118682873075,457665022,09/02/2024 12:46:24 PM,09/02/2024 12:46:57 PM,,,,,b90fc63a76c0d6135b900adbd0,smc,This week,Google,,female,30_to_44,new_england,ios_mobile,10000_to_24999
118682872358,457665022,09/02/2024 12:45:01 PM,09/02/2024 12:45:14 PM,,,,,42a1f1936bcc38f1fecbf840ab,smc,Yesterday,Yahoo,,male,18_to_29,south_atlantic,ios_mobile,200000_and_up
118682871598,457665022,09/02/2024 12:43:07 PM,09/02/2024 12:43:19 PM,,,,,07f91f1ae5a6fa43e09589886f,smc,Today,Google,,male,18_to_29,new_england,android_mobile,50000_to_74999
118682864654,457665022,09/02/2024 12:27:26 PM,09/02/2024 12:27:39 PM,,,,,995eb5058b267f8cd7293ce476,smc,Yesterday,Google,,female,45_to_60,south_atlantic,android_mobile,50000_to_74999
118682864150,457665022,09/02/2024 12:26:23 PM,09/02/2024 12:26:34 PM,,,,,1396ed58b38d2f33a8141a1df0,smc,Last hour,Google,,female,30_to_44,mountain,android_mobile,75000_to_99999
118682861302,457665022,09/02/2024 11:32:51 AM,09/02/2024 12:20:08 PM,,,,,d3c04dfff814bf2dc31f6b1ecd,smc,This week,Google,,female,30_to_44,south_atlantic,ios_mobile,25000_to_49999
118682859768,457665022,09/02/2024 12:16:14 PM,09/02/2024 12:16:50 PM,,,,,9caccceccc933ecf90c51a5c2f,smc,Never,Google,,male,60_above,east_north_central,ios_mobile,10000_to_24999
118682857531,457665022,09/02/2024 12:11:42 PM,09/02/2024 12:11:54 PM,,,,,0672814af9e56ccb54bca67cdf,smc,Today,Google,,female,30_to_44,south_atlantic,android_mobile,50000_to_74999
118682851179,457665022,09/02/2024 11:57:58 AM,09/02/2024 11:58:19 AM,,,,,fb01eca101daf4864725184d1e,smc,Today,Google,,female,60_above,south_atlantic,ios_mobile,25000_to_49999
118682848609,457665022,09/02/2024 11:52:36 AM,09/02/2024 11:52:55 AM,,,,,d45f2d0076161e41fa5bbec689,smc,Today,Google,,male,45_to_60,east_north_central,android_mobile,50000_to_74999
118682847821,457665022,09/02/2024 11:51:01 AM,09/02/2024 11:51:16 AM,,,,,09bd6315fb63fa8574d5a98aff,smc,Today,Bing,,female,30_to_44,middle_atlantic,ios_mobile,50000_to_74999
118682845078,457665022,09/02/2024 11:45:39 AM,09/02/2024 11:45:52 AM,,,,,aa7af3402797876f868c3bfb5c,smc,Today,Google,,female,18_to_29,pacific,ios_mobile,no_answer
118682843781,457665022,09/02/2024 11:42:59 AM,09/02/2024 11:43:14 AM,,,,,a466132897a6c3f2a63cad7699,smc,Yesterday,Google,,female,30_to_44,pacific,android_mobile,100000_to_124999
118682843084,457665022,09/02/2024 11:41:34 AM,09/02/2024 11:41:54 AM,,,,,c7d802cf135fdb7ccf1e176600,smc,Last hour,Google,,male,30_to_44,west_north_central,ios_mobile,75000_to_99999
118682842991,457665022,09/02/2024 11:41:25 AM,09/02/2024 11:41:42 AM,,,,,e875753e173eeae55b62c49653,smc,Today,Google,,female,30_to_44,west_south_central,android_mobile,10000_to_24999
118682842983,457665022,09/02/2024 11:41:23 AM,09/02/2024 11:41:40 AM,,,,,bb95ca810d94dbb9652f1b8f35,smc,Yesterday,ChatGPT,,male,30_to_44,south_atlantic,ios_mobile,75000_to_99999
118682842951,457665022,09/02/2024 11:41:25 AM,09/02/2024 11:41:37 AM,,,,,de6b7452b048c02d9eed9f4648,smc,Yesterday,ChatGPT,,female,30_to_44,middle_atlantic,ios_mobile,10000_to_24999
118682841535,457665022,09/02/2024 11:38:05 AM,09/02/2024 11:38:24 AM,,,,,1fd97e4d04662075852b984c09,smc,Today,Google,,male,45_to_60,pacific,android_mobile,200000_and_up
118682837097,457665022,09/02/2024 11:28:36 AM,09/02/2024 11:28:51 AM,,,,,60708af3e07a0076af7f5b7bff,smc,Last hour,Google,,female,45_to_60,new_england,ios_mobile,50000_to_74999
118682836832,457665022,09/02/2024 11:28:02 AM,09/02/2024 11:28:16 AM,,,,,7d4ac6224cd37fc42d31907999,smc,This week,Google,,female,30_to_44,west_south_central,ios_mobile,10000_to_24999
118682835613,457665022,09/02/2024 11:25:07 AM,09/02/2024 11:25:29 AM,,,,,38f84437817c1a7df1bb3d2e71,smc,This week,Bing,,female,45_to_60,east_north_central,android_mobile,50000_to_74999
118682833457,457665022,09/02/2024 11:20:42 AM,09/02/2024 11:20:55 AM,,,,,95cd5a87f9378f3cea1bb7c4cc,smc,This week,Google,,male,18_to_29,pacific,android_mobile,0_to_9999
118682832836,457665022,09/02/2024 11:19:29 AM,09/02/2024 11:19:40 AM,,,,,d47070e48ebd2ad0b8a4ff964a,smc,Today,Google,,female,30_to_44,east_north_central,android_mobile,50000_to_74999
118682829701,457665022,09/02/2024 11:13:01 AM,09/02/2024 11:13:16 AM,,,,,794099cf249a4e1945ae775216,smc,Yesterday,Google,,female,18_to_29,mountain,android_mobile,0_to_9999
118682822226,457665022,09/02/2024 10:58:15 AM,09/02/2024 10:58:30 AM,,,,,906201e677606b1a358482da24,smc,Yesterday,Google,,female,45_to_60,east_south_central,android_mobile,75000_to_99999
118682822114,457665022,09/02/2024 10:57:55 AM,09/02/2024 10:58:15 AM,,,,,23dadf295970355d9de50fce01,smc,Today,Google,,male,30_to_44,mountain,ios_mobile,10000_to_24999
118682819441,457665022,09/02/2024 10:52:15 AM,09/02/2024 10:52:34 AM,,,,,053e2f95f345bf79e9e404f6d0,smc,Yesterday,Google,,male,30_to_44,west_south_central,android_mobile,100000_to_124999
118682815907,457665022,09/02/2024 10:45:17 AM,09/02/2024 10:45:40 AM,,,,,51a54e4012b83c9cd1059a6170,smc,Last hour,Google,,female,30_to_44,mountain,android_mobile,0_to_9999
118682814769,457665022,09/02/2024 10:43:02 AM,09/02/2024 10:43:20 AM,,,,,32c838248d707b557bb75d4232,smc,Yesterday,Google,,female,30_to_44,pacific,ios_mobile,25000_to_49999
118682814316,457665022,09/02/2024 10:41:59 AM,09/02/2024 10:42:20 AM,,,,,1f78ffd04f53145486524f8786,smc,Today,Google,,female,30_to_44,south_atlantic,android_mobile,75000_to_99999
118682812903,457665022,09/02/2024 10:38:45 AM,09/02/2024 10:39:24 AM,,,,,18e9a96d55e2cbf6ff1aec0b96,smc,This week,Google,,female,30_to_44,,android_mobile,100000_to_124999
118682810598,457665022,09/02/2024 10:34:10 AM,09/02/2024 10:34:29 AM,,,,,405b67f94d0fae8f5c749fbc61,smc,Last hour,Google,,female,18_to_29,middle_atlantic,ios_mobile,25000_to_49999
118682803188,457665022,09/02/2024 10:18:07 AM,09/02/2024 10:18:35 AM,,,,,41d13366ea19c6cda88dd8cd1c,smc,Today,Google,,male,30_to_44,south_atlantic,ios_mobile,75000_to_99999
118682802640,457665022,09/02/2024 10:17:17 AM,09/02/2024 10:17:28 AM,,,,,2f52df2fc66fa3ca50ed501157,smc,Today,Bing,,male,18_to_29,east_north_central,ios_mobile,25000_to_49999
118682800717,457665022,09/02/2024 10:13:31 AM,09/02/2024 10:13:45 AM,,,,,5d6aa1939435dda0796f06d2f9,smc,Today,Google,,female,30_to_44,east_north_central,ios_mobile,75000_to_99999
118682799819,457665022,09/02/2024 10:11:46 AM,09/02/2024 10:12:06 AM,,,,,56289beb40103d119bd2af403a,smc,Last hour,Yahoo,,female,18_to_29,pacific,ios_mobile,25000_to_49999
118682799605,457665022,09/02/2024 10:11:26 AM,09/02/2024 10:11:41 AM,,,,,578c906ec19539a5463f2370c0,smc,This month,Google,,female,30_to_44,south_atlantic,ios_mobile,25000_to_49999
118682798631,457665022,09/02/2024 10:09:34 AM,09/02/2024 10:09:49 AM,,,,,e0a5e37c03f0f79f3e238776c3,smc,Yesterday,Google,,female,30_to_44,pacific,android_mobile,75000_to_99999
118682794136,457665022,09/02/2024 10:00:40 AM,09/02/2024 10:01:15 AM,,,,,775ffb363e3af11c58e9fe6708,smc,Today,Yahoo,,male,45_to_60,east_south_central,android_mobile,10000_to_24999
118682786122,457665022,09/02/2024 09:44:39 AM,09/02/2024 09:44:57 AM,,,,,f79bb844fc8781391bbaffb365,smc,Yesterday,Google,,female,30_to_44,south_atlantic,ios_mobile,10000_to_24999
118682785803,457665022,09/02/2024 09:44:01 AM,09/02/2024 09:44:17 AM,,,,,294fae0d832da3552b3d55d766,smc,Today,Google,,female,30_to_44,east_north_central,android_mobile,100000_to_124999
118682784694,457665022,09/02/2024 09:41:49 AM,09/02/2024 09:42:01 AM,,,,,4d3fa609bd0dbfeb5fb22ce080,smc,Yesterday,Google,,male,30_to_44,new_england,android_mobile,50000_to_74999
118682779764,457665022,09/02/2024 09:32:08 AM,09/02/2024 09:32:19 AM,,,,,0f28da294699271d1b3b855b37,smc,Yesterday,ChatGPT,,male,30_to_44,pacific,ios_mobile,50000_to_74999
118682778952,457665022,09/02/2024 09:30:31 AM,09/02/2024 09:30:43 AM,,,,,e7040f644180054f6f73bc48d1,smc,Last hour,Google,,female,18_to_29,west_south_central,ios_mobile,25000_to_49999
118682778404,457665022,09/02/2024 09:29:26 AM,09/02/2024 09:29:41 AM,,,,,b894eb61ecff34a315310311b5,smc,Yesterday,ChatGPT,,female,30_to_44,south_atlantic,android_mobile,25000_to_49999
118682777146,457665022,09/02/2024 09:26:55 AM,09/02/2024 09:27:14 AM,,,,,a7895a892507798966d8383bda,smc,Last hour,Google,,male,30_to_44,south_atlantic,ios_mobile,100000_to_124999
118682770301,457665022,09/02/2024 09:14:36 AM,09/02/2024 09:14:49 AM,,,,,82b5e168afcf3643cc9acaac21,smc,Yesterday,Google,,female,30_to_44,south_atlantic,android_mobile,50000_to_74999
118682770288,457665022,09/02/2024 09:14:30 AM,09/02/2024 09:14:48 AM,,,,,ea59b721b853481d3bcc4656bf,smc,Yesterday,Google,,female,30_to_44,east_south_central,ios_mobile,25000_to_49999
118682768398,457665022,09/02/2024 09:11:37 AM,09/02/2024 09:11:54 AM,,,,,ca847c10df154e89f4e72c37b1,smc,Yesterday,Google,,female,18_to_29,south_atlantic,android_mobile,10000_to_24999
118682767891,457665022,09/02/2024 09:10:36 AM,09/02/2024 09:11:01 AM,,,,,a42a2b7a31ee8c01a6e4c1f0b8,smc,Never,Yahoo,,female,60_above,east_north_central,ios_mobile,25000_to_49999
118682766795,457665022,09/02/2024 09:08:51 AM,09/02/2024 09:09:02 AM,,,,,aebfadb2405fd96152297b0b11,smc,Last hour,Google,,female,30_to_44,middle_atlantic,android_mobile,100000_to_124999
118682766132,457665022,09/02/2024 09:06:49 AM,09/02/2024 09:07:55 AM,,,,,6cfcf9ce01000abbb94d9346d3,smc,Last hour,Bing,,female,30_to_44,mountain,android_mobile,10000_to_24999
118682758155,457665022,09/02/2024 08:53:29 AM,09/02/2024 08:53:52 AM,,,,,7aaaa3e6603a82f6dfef5658e8,smc,Yesterday,Perplexity,,male,45_to_60,south_atlantic,ios_mobile,75000_to_99999
118682756889,457665022,09/02/2024 08:51:08 AM,09/02/2024 08:51:23 AM,,,,,95b635b6f07d6ccc12bc07b3e2,smc,Yesterday,Google,,female,30_to_44,west_south_central,ios_mobile,25000_to_49999
118682756681,457665022,09/02/2024 08:50:43 AM,09/02/2024 08:51:01 AM,,,,,3184e7acd0952a1766ccc9f08a,smc,This week,Claude,,male,18_to_29,middle_atlantic,ios_mobile,10000_to_24999
118682752028,457665022,09/02/2024 08:42:18 AM,09/02/2024 08:42:26 AM,,,,,ad6be4e3008ccff2943dd31336,smc,Yesterday,DuckDuckGo,,male,18_to_29,,ios_mobile,50000_to_74999
118682752015,457665022,09/02/2024 08:42:04 AM,09/02/2024 08:42:26 AM,,,,,4f8bd12e506a5409e7edb886a2,smc,Yesterday,Google,,female,18_to_29,middle_atlantic,ios_mobile,75000_to_99999
118682749969,457665022,09/02/2024 08:38:27 AM,09/02/2024 08:38:44 AM,,,,,88c495f232092d517ca2b17a8c,smc,This week,Bing,,female,18_to_29,east_north_central,android_mobile,0_to_9999
118682746682,457665022,09/02/2024 08:32:36 AM,09/02/2024 08:32:56 AM,,,,,7c034ae418df22ee14ea0a9c70,smc,Last hour,Bing,,female,30_to_44,mountain,ios_mobile,100000_to_124999
118682743638,457665022,09/02/2024 08:27:17 AM,09/02/2024 08:27:30 AM,,,,,c08e273d491e08d5672956f945,smc,Last hour,Google,,female,18_to_29,south_atlantic,ios_mobile,0_to_9999
118682735383,457665022,09/02/2024 08:12:29 AM,09/02/2024 08:12:48 AM,,,,,f7259b173bc29f68b4057ead4f,smc,Today,Google,,female,45_to_60,south_atlantic,ios_mobile,125000_to_149999
118682728487,457665022,09/02/2024 07:59:56 AM,09/02/2024 08:00:29 AM,,,,,fd933a76bafb5b785fbfb61e6d,smc,Yesterday,Google,,female,60_above,east_south_central,ios_mobile,150000_to_174999
118682657319,457665022,09/02/2024 05:52:57 AM,09/02/2024 05:53:22 AM,,,,,e9bab1a9345effd3a0efb2d64d,smc,Today,Google,,female,30_to_44,middle_atlantic,android_mobile,75000_to_99999
118682512996,457665022,09/02/2024 12:32:06 AM,09/02/2024 12:32:23 AM,,,,,2ace1166f4d59e01b5d8009897,smc,Yesterday,ChatGPT,,male,45_to_60,east_north_central,android_mobile,25000_to_49999
118682510335,457665022,09/02/2024 12:24:20 AM,09/02/2024 12:25:04 AM,,,,,e05fcf576b3fe84ac500701603,smc,Today,Claude,,male,45_to_60,middle_atlantic,android_mobile,100000_to_124999
118682510334,457665022,09/02/2024 12:24:24 AM,09/02/2024 12:25:04 AM,,,,,c6b7a9073117ae69c56447aa00,smc,Today,Google,,female,45_to_60,pacific,ios_mobile,75000_to_99999
118682508514,457665022,09/02/2024 12:19:57 AM,09/02/2024 12:20:14 AM,,,,,33e9a6edd997b88061d4527c8e,smc,Last hour,Google,,female,60_above,pacific,ios_mobile,10000_to_24999
118682507875,457665022,09/02/2024 12:16:50 AM,09/02/2024 12:18:37 AM,,,,,a9fb778a568b55a10e94384009,smc,Yesterday,ChatGPT,,male,30_to_44,middle_atlantic,android_mobile,200000_and_up
118682507341,457665022,09/02/2024 12:16:39 AM,09/02/2024 12:17:16 AM,,,,,c7109c6e4a465a81586ca1e7e1,smc,Today,Google,,female,18_to_29,,android_mobile,150000_to_174999
118682507320,457665022,09/02/2024 12:16:56 AM,09/02/2024 12:17:11 AM,,,,,9fd2425ea54a6cf856271a26c7,smc,Last week,DuckDuckGo,,male,30_to_44,pacific,android_mobile,200000_and_up
118682507219,457665022,09/02/2024 12:16:42 AM,09/02/2024 12:16:57 AM,,,,,3a6e1030b412343ff1d48cb1ad,smc,Today,Google,,male,30_to_44,east_south_central,android_mobile,50000_to_74999
118682505479,457665022,09/02/2024 12:12:06 AM,09/02/2024 12:12:25 AM,,,,,527846cae5e3390baf7dbd1093,smc,Yesterday,Google,,male,45_to_60,,android_mobile,125000_to_149999
118682505469,457665022,09/02/2024 12:12:07 AM,09/02/2024 12:12:23 AM,,,,,9a23e31e93a9bb76acf23a85c4,smc,Last hour,DuckDuckGo,,male,45_to_60,pacific,android_mobile,125000_to_149999
118682503254,457665022,09/02/2024 12:06:39 AM,09/02/2024 12:06:53 AM,,,,,2bed5bba51c9087f90f8ca2ab8,smc,Today,ChatGPT,,female,30_to_44,pacific,android_mobile,175000_to_199999
118682502434,457665022,09/02/2024 12:04:38 AM,09/02/2024 12:04:51 AM,,,,,f8032e3f8f7f00a764aa4a4670,smc,This week,Google,,female,45_to_60,middle_atlantic,android_mobile,100000_to_124999
118682502353,457665022,09/02/2024 12:04:22 AM,09/02/2024 12:04:41 AM,,,,,5ae25d7e8fb3faf47db75a680c,smc,Last hour,Google,,male,60_above,middle_atlantic,android_mobile,175000_to_199999
118682500984,457665022,09/02/2024 12:00:37 AM,09/02/2024 12:01:00 AM,,,,,de8976e2a58d4bb53afe26d30b,smc,Today,Google,,male,45_to_60,west_south_central,android_mobile,125000_to_149999
118682499371,457665022,09/01/2024 11:56:04 PM,09/01/2024 11:56:21 PM,,,,,636829b27ad4a379ae9b8b4e7f,smc,Yesterday,Google,,male,45_to_60,middle_atlantic,android_mobile,150000_to_174999
118682496868,457665022,09/01/2024 11:48:45 PM,09/01/2024 11:49:18 PM,,,,,1ef1593569008144f3de0286e1,smc,,Google,,male,45_to_60,middle_atlantic,android_mobile,100000_to_124999
118682496698,457665022,09/01/2024 11:48:40 PM,09/01/2024 11:48:51 PM,,,,,0b7062f15ca234fd3beb2f5c74,smc,Last hour,ChatGPT,,male,45_to_60,pacific,android_mobile,175000_to_199999
118682494335,457665022,09/01/2024 11:41:18 PM,09/01/2024 11:41:38 PM,,,,,f6b32d660747dd6bc56cd977ea,smc,Last hour,DuckDuckGo,,male,45_to_60,middle_atlantic,android_mobile,100000_to_124999
118682494299,457665022,09/01/2024 11:41:13 PM,09/01/2024 11:41:30 PM,,,,,f9fc2b7a2b53605ab9098d18d2,smc,This week,Perplexity,,male,45_to_60,south_atlantic,android_mobile,125000_to_149999
118682493117,457665022,09/01/2024 11:37:19 PM,09/01/2024 11:37:51 PM,,,,,4e0040195a559fb6ac3523c434,smc,This week,Google,,male,18_to_29,middle_atlantic,android_mobile,125000_to_149999
118682492861,457665022,09/01/2024 11:36:25 PM,09/01/2024 11:37:07 PM,,,,,3fa3ccb1f5a6afe62dc1fa1c05,smc,Today,ChatGPT,,female,30_to_44,middle_atlantic,android_mobile,200000_and_up
118682492778,457665022,09/01/2024 11:36:28 PM,09/01/2024 11:36:48 PM,,,,,c4a3d06d9c0e47e69979bd1230,smc,Today,Google,,male,30_to_44,pacific,android_mobile,200000_and_up
118682492701,457665022,09/01/2024 11:36:14 PM,09/01/2024 11:36:33 PM,,,,,42a4d47d2c8fcbd942f66b77f0,smc,Last hour,Google,,female,60_above,pacific,android_mobile,75000_to_99999
118682490187,457665022,09/01/2024 11:28:23 PM,09/01/2024 11:28:59 PM,,,,,a3932e1d2425d84b7f7684828a,smc,Yesterday,DuckDuckGo,,male,45_to_60,middle_atlantic,android_mobile,150000_to_174999
118682490023,457665022,09/01/2024 11:28:05 PM,09/01/2024 11:28:30 PM,,,,,e252bb8264a74c494e88e3ca0a,smc,Last hour,ChatGPT,,male,45_to_60,west_south_central,android_mobile,75000_to_99999
118682488811,457665022,09/01/2024 11:24:22 PM,09/01/2024 11:24:44 PM,,,,,c2a3ea67f6f6aa3bfefc6e0e9a,smc,Last hour,Google,,female,45_to_60,pacific,android_mobile,200000_and_up
118682486286,457665022,09/01/2024 11:16:25 PM,09/01/2024 11:17:13 PM,,,,,5cbe92a1dff38567e42ee0af9c,smc,Today,Google,,female,60_above,east_south_central,ios_mobile,50000_to_74999
118682486214,457665022,09/01/2024 11:16:34 PM,09/01/2024 11:17:00 PM,,,,,0e203aa8a33274a050bf404f85,smc,Today,Bing,,male,45_to_60,middle_atlantic,android_mobile,75000_to_99999
118682486181,457665022,09/01/2024 11:16:28 PM,09/01/2024 11:16:54 PM,,,,,12bc08f7ea5bad9f7a5506896e,smc,Yesterday,Google,,female,30_to_44,pacific,android_mobile,75000_to_99999
118682486126,457665022,09/01/2024 11:16:30 PM,09/01/2024 11:16:42 PM,,,,,55045053b0c642174b73c160ab,smc,This week,Google,,female,30_to_44,middle_atlantic,ios_mobile,0_to_9999
118682481069,457665022,09/01/2024 11:00:22 PM,09/01/2024 11:02:00 PM,,,,,442325dcd30eb9061e7d8d729d,smc,Last week,ChatGPT,,male,45_to_60,south_atlantic,android_mobile,100000_to_124999
118682480745,457665022,09/01/2024 11:00:42 PM,09/01/2024 11:00:59 PM,,,,,f52929f7d1d2bdf0717c26ca41,smc,Last hour,Perplexity,,female,45_to_60,middle_atlantic,android_mobile,100000_to_124999
118682480744,457665022,09/01/2024 11:00:11 PM,09/01/2024 11:00:57 PM,,,,,a0d8f440b37d0408aef2e18e1b,smc,Last hour,Google,,female,45_to_60,mountain,ios_mobile,10000_to_24999
118682480655,457665022,09/01/2024 11:00:18 PM,09/01/2024 11:00:44 PM,,,,,bf8ee8cb0705c191be09f16a74,smc,Today,ChatGPT,,male,45_to_60,middle_atlantic,android_mobile,150000_to_174999
118682476761,457665022,09/01/2024 10:48:44 PM,09/01/2024 10:48:58 PM,,,,,2322d1c00013724d98236ee995,smc,Today,Google,,male,45_to_60,south_atlantic,android_mobile,25000_to_49999
118682476753,457665022,09/01/2024 10:48:22 PM,09/01/2024 10:48:57 PM,,,,,d4bdf0817d9e4f4b244ebe4858,smc,Today,Google,,male,60_above,middle_atlantic,android_mobile,125000_to_149999
118682476630,457665022,09/01/2024 10:48:12 PM,09/01/2024 10:48:32 PM,,,,,2f4715160309e0cd9378e29a99,smc,Yesterday,Google,,female,45_to_60,middle_atlantic,android_mobile,100000_to_124999
118682475439,457665022,09/01/2024 10:44:06 PM,09/01/2024 10:44:31 PM,,,,,30d0b80b89fc05fd942b38519e,smc,Last hour,Google,,male,60_above,east_south_central,ios_mobile,75000_to_99999
118682472973,457665022,09/01/2024 10:36:34 PM,09/01/2024 10:37:16 PM,,,,,29932cc9891933708fbce2371c,smc,Last hour,ChatGPT,,female,30_to_44,pacific,android_mobile,150000_to_174999
118682472893,457665022,09/01/2024 10:36:20 PM,09/01/2024 10:37:02 PM,,,,,c1c9f62ebdc3c8356063a7d7b3,smc,Last hour,Google,,male,45_to_60,pacific,android_mobile,150000_to_174999
118682472840,457665022,09/01/2024 10:36:32 PM,09/01/2024 10:36:52 PM,,,,,c72d252d7824201548f8e6514d,smc,Today,Google,,female,30_to_44,pacific,android_mobile,25000_to_49999
118682472784,457665022,09/01/2024 10:36:25 PM,09/01/2024 10:36:40 PM,,,,,43bf550f5a629e9a5d3bdbdac5,smc,This week,DuckDuckGo,,female,30_to_44,west_south_central,android_mobile,25000_to_49999
118682472761,457665022,09/01/2024 10:36:17 PM,09/01/2024 10:36:37 PM,,,,,f640dc9118619d609788fb1f99,smc,Today,Google,,male,45_to_60,pacific,android_mobile,150000_to_174999
118682472753,457665022,09/01/2024 10:36:20 PM,09/01/2024 10:36:35 PM,,,,,4ba9b227b7b99b1a55b4245e0a,smc,Yesterday,Google,,female,18_to_29,new_england,ios_mobile,10000_to_24999
118682471434,457665022,09/01/2024 10:32:00 PM,09/01/2024 10:32:18 PM,,,,,75a129ccb2b37299f694ee6983,smc,Last hour,Google,,female,60_above,east_south_central,ios_mobile,50000_to_74999
118682469718,457665022,09/01/2024 10:00:15 PM,09/01/2024 10:26:23 PM,,,,,636f70df88d999f704468df3da,smc,Today,Yahoo,,female,45_to_60,east_south_central,android_mobile,100000_to_124999
118682468149,457665022,09/01/2024 10:20:20 PM,09/01/2024 10:20:43 PM,,,,,e852fe2f4caa46df1a5eb7e774,smc,Last hour,Google,,female,45_to_60,middle_atlantic,android_mobile,100000_to_124999
118682468124,457665022,09/01/2024 10:20:09 PM,09/01/2024 10:20:35 PM,,,,,c05161548700bf3973e5d08072,smc,Today,Yahoo,,female,45_to_60,east_north_central,ios_mobile,75000_to_99999
118682467185,457665022,09/01/2024 10:16:35 PM,09/01/2024 10:17:10 PM,,,,,5245fb5342d7ce30bb0075e297,smc,Today,Google,,male,30_to_44,pacific,android_mobile,200000_and_up
118682467165,457665022,09/01/2024 10:16:31 PM,09/01/2024 10:17:06 PM,,,,,17874d7306fc1b834a056985bd,smc,Today,Google,,female,30_to_44,west_south_central,android_mobile,10000_to_24999
118682466929,457665022,09/01/2024 10:15:59 PM,09/01/2024 10:16:15 PM,,,,,1da0468cc5a30d69a9bd5ac1aa,smc,Today,Google,,male,60_above,middle_atlantic,ios_mobile,200000_and_up
118682465358,457665022,09/01/2024 10:10:35 PM,09/01/2024 10:10:51 PM,,,,,b63b7e58df7f8083272bfe0584,smc,Last week,Other,,female,45_to_60,middle_atlantic,ios_mobile,150000_to_174999
118682465334,457665022,09/01/2024 10:10:31 PM,09/01/2024 10:10:45 PM,,,,,2ce9b5a31f764448b6908168e1,smc,Today,Google,,female,45_to_60,east_north_central,android_mobile,no_answer
118682464514,457665022,09/01/2024 10:07:11 PM,09/01/2024 10:07:48 PM,,,,,3b41c51c5f605a26de5daeefcb,smc,This week,Google,,female,60_above,pacific,ios_mobile,25000_to_49999
118682463618,457665022,09/01/2024 10:03:59 PM,09/01/2024 10:04:23 PM,,,,,529cb29e6ca5bbf9d323b96b40,smc,Today,Google,,male,45_to_60,pacific,ios_mobile,75000_to_99999
118682463617,457665022,09/01/2024 10:03:53 PM,09/01/2024 10:04:23 PM,,,,,3f973d0b9f680ae1344b4a4102,smc,Today,ChatGPT,,male,60_above,south_atlantic,ios_mobile,10000_to_24999
118682461686,457665022,09/01/2024 09:57:01 PM,09/01/2024 09:57:39 PM,,,,,dfd1903c502528d502a297808b,smc,Last hour,Google,,female,30_to_44,middle_atlantic,android_mobile,100000_to_124999
118682461394,457665022,09/01/2024 09:56:25 PM,09/01/2024 09:56:36 PM,,,,,508e452b433e0d4d6e63e3d4eb,smc,Last week,ChatGPT,,female,18_to_29,middle_atlantic,ios_mobile,0_to_9999
118682459481,457665022,09/01/2024 09:48:17 PM,09/01/2024 09:49:07 PM,,,,,9e39eaca864dda9be2ca2549a7,smc,Today,Google,,male,45_to_60,west_south_central,android_mobile,125000_to_149999
118682459357,457665022,09/01/2024 09:48:07 PM,09/01/2024 09:48:41 PM,,,,,72940533b22e5248859b384891,smc,Yesterday,ChatGPT,,female,45_to_60,middle_atlantic,android_mobile,25000_to_49999
118682459276,457665022,09/01/2024 09:48:07 PM,09/01/2024 09:48:22 PM,,,,,ff26b6ef36e4eee383b601798e,smc,Today,Google,,female,45_to_60,east_north_central,ios_mobile,0_to_9999
118682458223,457665022,09/01/2024 09:44:10 PM,09/01/2024 09:44:23 PM,,,,,22f62b5ebe2e5e2bab1ec315e7,smc,,Google,,male,60_above,pacific,ios_mobile,50000_to_74999
118682457230,457665022,09/01/2024 09:40:01 PM,09/01/2024 09:40:22 PM,,,,,3388befe984854e9b04a40bdf3,smc,Last hour,Google,,male,60_above,pacific,android_mobile,150000_to_174999
118682455332,457665022,09/01/2024 09:32:13 PM,09/01/2024 09:32:41 PM,,,,,ca06a172a9babb767d37ec1b39,smc,Today,Other,,female,60_above,mountain,ios_mobile,no_answer
118682455244,457665022,09/01/2024 09:31:59 PM,09/01/2024 09:32:22 PM,,,,,4818efa9907c52fa2dc7003007,smc,Today,Google,,male,60_above,new_england,ios_mobile,125000_to_149999
118682454447,457665022,09/01/2024 09:26:39 PM,09/01/2024 09:29:17 PM,,,,,31953bcffc0aa5173dfeaa0095,smc,This week,Google,,male,30_to_44,middle_atlantic,android_mobile,125000_to_149999
118682453825,457665022,09/01/2024 09:26:19 PM,09/01/2024 09:26:49 PM,,,,,24686844d06001813b354bdf93,smc,Today,Google,,male,18_to_29,mountain,android_mobile,25000_to_49999
118682453774,457665022,09/01/2024 09:26:20 PM,09/01/2024 09:26:38 PM,,,,,2b6a5d8b49e26a6c3cb3c843f8,smc,Today,Google,,female,18_to_29,east_north_central,ios_mobile,50000_to_74999
118682452243,457665022,09/01/2024 09:20:04 PM,09/01/2024 09:20:38 PM,,,,,41fbf26ed233f8101348ccff9d,smc,,Google,,female,45_to_60,pacific,ios_mobile,200000_and_up
118682452242,457665022,09/01/2024 09:20:14 PM,09/01/2024 09:20:35 PM,,,,,7d69567d3d7ae2a3bbf31aef7f,smc,Today,Google,,female,45_to_60,pacific,ios_mobile,25000_to_49999
118682452176,457665022,09/01/2024 09:20:07 PM,09/01/2024 09:20:22 PM,,,,,5fa1a593ea2fb6bc02e73f56f3,smc,This week,Perplexity,,male,45_to_60,south_atlantic,android_mobile,125000_to_149999
118682451341,457665022,09/01/2024 09:16:17 PM,09/01/2024 09:17:04 PM,,,,,8364cdee6eb2dfa8cbc44eb1e9,smc,Today,ChatGPT,,male,30_to_44,pacific,ios_mobile,25000_to_49999
118682450411,457665022,09/01/2024 09:07:58 PM,09/01/2024 09:13:36 PM,,,,,fe59a04ce31c8e8fb3a28da861,smc,Last hour,Google,,male,60_above,middle_atlantic,pc_windows,150000_to_174999
118682448976,457665022,09/01/2024 09:07:58 PM,09/01/2024 09:08:28 PM,,,,,1ea1f3e0cdd8411532d5c1f5d5,smc,Today,Google,,male,45_to_60,west_north_central,ios_mobile,100000_to_124999
118682448959,457665022,09/01/2024 09:07:59 PM,09/01/2024 09:08:24 PM,,,,,c514089ef6b26a1ee7e056364b,smc,Last hour,Google,,female,45_to_60,west_north_central,ios_mobile,50000_to_74999
118682448482,457665022,09/01/2024 09:06:31 PM,09/01/2024 09:06:45 PM,,,,,8185d2267f1bf7dd9c4014e4bf,smc,Today,DuckDuckGo,,male,18_to_29,middle_atlantic,ios_mobile,50000_to_74999
118682447879,457665022,09/01/2024 09:04:17 PM,09/01/2024 09:04:41 PM,,,,,8584d69a63e5119eb143897d70,smc,Last hour,Google,,female,60_above,pacific,android_mobile,75000_to_99999
118682444736,457665022,09/01/2024 08:52:05 PM,09/01/2024 08:52:30 PM,,,,,65d09be78f39a303802c792575,smc,Last hour,Google,,female,45_to_60,west_south_central,ios_mobile,25000_to_49999
118682444703,457665022,09/01/2024 08:51:56 PM,09/01/2024 08:52:20 PM,,,,,34014f86dcb001ba786f3375ce,smc,Yesterday,Bing,,female,45_to_60,pacific,android_mobile,75000_to_99999
118682444685,457665022,09/01/2024 08:51:59 PM,09/01/2024 08:52:17 PM,,,,,13981596bb49b13330211a6154,smc,Today,Google,,female,60_above,pacific,android_mobile,25000_to_49999
118682443786,457665022,09/01/2024 08:48:07 PM,09/01/2024 08:48:32 PM,,,,,c60c0ab9a3528497978ee114a0,smc,This month,Google,,female,45_to_60,east_north_central,ios_mobile,25000_to_49999
118682443379,457665022,09/01/2024 08:46:35 PM,09/01/2024 08:46:54 PM,,,,,750e94a2db13617717a8b882be,smc,Today,DuckDuckGo,,male,18_to_29,mountain,ios_mobile,75000_to_99999
118682443363,457665022,09/01/2024 08:46:34 PM,09/01/2024 08:46:51 PM,,,,,63e27bd204070a784be4cf65e0,smc,Today,Google,,female,30_to_44,middle_atlantic,ios_mobile,75000_to_99999
118682442756,457665022,09/01/2024 08:43:57 PM,09/01/2024 08:44:23 PM,,,,,4f6c91f81cfe21a59acfe03099,smc,Yesterday,Google,,female,45_to_60,middle_atlantic,android_mobile,50000_to_74999
118682441829,457665022,09/01/2024 08:40:08 PM,09/01/2024 08:40:29 PM,,,,,2a926a9136d0fab59cf3bba9e7,smc,Today,Google,,female,45_to_60,pacific,ios_mobile,50000_to_74999
118682438058,457665022,09/01/2024 08:24:28 PM,09/01/2024 08:24:45 PM,,,,,7cd62fba58e9d19ab369abbc5c,smc,This week,Perplexity,,male,45_to_60,south_atlantic,android_mobile,125000_to_149999
118682438056,457665022,09/01/2024 08:24:03 PM,09/01/2024 08:24:43 PM,,,,,b66c9311ccc49bf0590d5437a9,smc,Today,Other (please specify),Google yahoo and bing,female,60_above,mountain,ios_mobile,25000_to_49999
118682438012,457665022,09/01/2024 08:24:15 PM,09/01/2024 08:24:31 PM,,,,,beb1d697005fdbdb2107bd2b83,smc,This week,Perplexity,,male,45_to_60,south_atlantic,android_mobile,125000_to_149999
118682437952,457665022,09/01/2024 08:24:01 PM,09/01/2024 08:24:15 PM,,,,,3563cffb3cecd6c06005c96091,smc,Today,Google,,female,45_to_60,east_south_central,android_mobile,100000_to_124999
118682436198,457665022,09/01/2024 08:16:08 PM,09/01/2024 08:16:42 PM,,,,,2ded7046fe4b02f1325088b714,smc,Today,Google,,male,45_to_60,middle_atlantic,android_mobile,175000_to_199999
118682436105,457665022,09/01/2024 08:15:58 PM,09/01/2024 08:16:15 PM,,,,,5cfa55f8c093c9eadb5eff08a8,smc,Today,Google,,male,45_to_60,west_south_central,android_mobile,75000_to_99999
118682434292,457665022,09/01/2024 08:08:44 PM,09/01/2024 08:08:56 PM,,,,,a569670cb2095d60549f6360f3,smc,Yesterday,ChatGPT,,female,30_to_44,west_south_central,ios_mobile,25000_to_49999
118682433294,457665022,09/01/2024 08:04:00 PM,09/01/2024 08:05:09 PM,,,,,3a563c67ae356f6692d7080be6,smc,Today,Google,,female,45_to_60,south_atlantic,android_mobile,10000_to_24999
118682433077,457665022,09/01/2024 08:03:58 PM,09/01/2024 08:04:14 PM,,,,,5f9f02395dcb810dd67220c178,smc,Last hour,Google,,female,60_above,pacific,android_mobile,175000_to_199999
118682433060,457665022,09/01/2024 08:03:59 PM,09/01/2024 08:04:12 PM,,,,,7ac82cd5b93cf734779f25ce68,smc,Last hour,Google,,male,45_to_60,east_south_central,ios_mobile,50000_to_74999
118682431208,457665022,09/01/2024 07:56:00 PM,09/01/2024 07:56:39 PM,,,,,de1b28b7accafc645a492d08d6,smc,Last hour,Google,,male,45_to_60,middle_atlantic,android_mobile,150000_to_174999
118682431127,457665022,09/01/2024 07:55:59 PM,09/01/2024 07:56:18 PM,,,,,49a2ad4d15e7eaa556b9449ff7,smc,Today,Google,,female,45_to_60,,ios_mobile,100000_to_124999
118682429316,457665022,09/01/2024 07:48:04 PM,09/01/2024 07:48:31 PM,,,,,87606c72c78d1fc5f50964c553,smc,This week,Perplexity,,male,45_to_60,south_atlantic,android_mobile,125000_to_149999
118682429258,457665022,09/01/2024 07:47:56 PM,09/01/2024 07:48:15 PM,,,,,b10ab2e45e8ddd1e577f7ca9ce,smc,Today,Google,,female,45_to_60,pacific,ios_mobile,50000_to_74999
118682429001,457665022,09/01/2024 07:46:22 PM,09/01/2024 07:47:10 PM,,,,,5f1ff15418c24d5078d4e0430a,smc,Today,ChatGPT,,male,30_to_44,east_north_central,ios_mobile,10000_to_24999
118682428973,457665022,09/01/2024 07:46:27 PM,09/01/2024 07:47:04 PM,,,,,bd2e0e406d7a5a9ab58a6877b1,smc,Today,Google,,female,18_to_29,west_north_central,android_mobile,0_to_9999
118682428864,457665022,09/01/2024 07:46:22 PM,09/01/2024 07:46:39 PM,,,,,df9731385e89e04ec0bf98afa9,smc,Today,Bing,,male,18_to_29,east_north_central,android_mobile,125000_to_149999
118682428843,457665022,09/01/2024 07:46:21 PM,09/01/2024 07:46:33 PM,,,,,bc9c4b5720d89952ef028b1189,smc,Today,Google,,female,30_to_44,south_atlantic,android_mobile,75000_to_99999
118682428811,457665022,09/01/2024 07:46:18 PM,09/01/2024 07:46:27 PM,,,,,9efc729e55aaad75b3e4acd66b,smc,Last hour,DuckDuckGo,,male,18_to_29,pacific,ios_mobile,0_to_9999
118682428225,457665022,09/01/2024 07:43:58 PM,09/01/2024 07:44:11 PM,,,,,5219cbb939ff57d516560c2742,smc,Today,Google,,male,60_above,south_atlantic,ios_mobile,25000_to_49999
118682423992,457665022,09/01/2024 07:26:16 PM,09/01/2024 07:26:49 PM,,,,,e20028869139ed7dbecf0240df,smc,Today,Google,,male,30_to_44,east_north_central,ios_mobile,75000_to_99999
118682423946,457665022,09/01/2024 07:26:15 PM,09/01/2024 07:26:39 PM,,,,,7fb5e94e8d84f5bd566e52ccae,smc,Last hour,Google,,female,30_to_44,pacific,ios_mobile,0_to_9999
118682422444,457665022,09/01/2024 07:20:07 PM,09/01/2024 07:20:46 PM,,,,,95fcfce3fb8c9b69243a9f55cc,smc,Yesterday,Google,,female,60_above,east_north_central,ios_mobile,10000_to_24999
118682422417,457665022,09/01/2024 07:20:06 PM,09/01/2024 07:20:38 PM,,,,,49ab2f290c94820677e6b664bf,smc,Last hour,Google,,female,60_above,west_north_central,android_mobile,0_to_9999
118682422384,457665022,09/01/2024 07:20:11 PM,09/01/2024 07:20:30 PM,,,,,09dd2d3bef73acf7eba7499a1a,smc,Yesterday,Google,,male,45_to_60,east_south_central,android_mobile,25000_to_49999
118682422368,457665022,09/01/2024 07:20:06 PM,09/01/2024 07:20:27 PM,,,,,0c1b3d762fc0a05b728b607a64,smc,Last hour,Yahoo,,male,45_to_60,south_atlantic,android_mobile,10000_to_24999
118682422346,457665022,09/01/2024 07:20:06 PM,09/01/2024 07:20:21 PM,,,,,f935ed1711cc41a02497e19c8f,smc,Last hour,DuckDuckGo,,male,45_to_60,east_north_central,ios_mobile,25000_to_49999
118682422327,457665022,09/01/2024 07:20:02 PM,09/01/2024 07:20:19 PM,,,,,19f92926bdc227dd26e694e930,smc,Last week,Google,,male,45_to_60,pacific,ios_mobile,25000_to_49999
118682421254,457665022,09/01/2024 07:16:04 PM,09/01/2024 07:16:16 PM,,,,,6c57aa1af849beb025df982796,smc,Last hour,Claude,,male,45_to_60,west_south_central,ios_mobile,200000_and_up
118682418113,457665022,09/01/2024 07:04:07 PM,09/01/2024 07:04:35 PM,,,,,4f18e76865c09a80fd3c64c04e,smc,Last hour,Google,,female,60_above,east_south_central,android_mobile,10000_to_24999
118682418100,457665022,09/01/2024 07:04:01 PM,09/01/2024 07:04:31 PM,,,,,3b77f398e02d6c98f46398b1dc,smc,Today,Google,,female,45_to_60,pacific,android_mobile,25000_to_49999
118682418045,457665022,09/01/2024 07:03:57 PM,09/01/2024 07:04:15 PM,,,,,d808389fd308e7ed7d88f0bf23,smc,This week,Google,,female,45_to_60,east_south_central,ios_mobile,50000_to_74999
118682416295,457665022,09/01/2024 06:56:05 PM,09/01/2024 06:57:28 PM,,,,,329a17c7639f602596af44b151,smc,Today,Other (please specify),Microsoft,female,45_to_60,south_atlantic,ios_mobile,50000_to_74999
118682416188,457665022,09/01/2024 06:56:47 PM,09/01/2024 06:57:00 PM,,,,,33e7c4b2401eff282b810c145e,smc,Today,Google,,female,18_to_29,west_south_central,ios_mobile,100000_to_124999
118682416164,457665022,09/01/2024 06:56:48 PM,09/01/2024 06:56:56 PM,,,,,3b0a4b1694267399cfb5c7816c,smc,This week,Bing,,female,30_to_44,west_north_central,ios_mobile,10000_to_24999
118682416119,457665022,09/01/2024 06:56:37 PM,09/01/2024 06:56:50 PM,,,,,cd7cf8572868e32ceb59defd89,smc,This week,Bing,,male,30_to_44,east_south_central,android_mobile,75000_to_99999
118682416118,457665022,09/01/2024 06:56:09 PM,09/01/2024 06:56:48 PM,,,,,ac38adee563dd28b67d23e071f,smc,Today,Google,,male,60_above,middle_atlantic,ios_mobile,50000_to_74999
118682413018,457665022,09/01/2024 06:43:58 PM,09/01/2024 06:44:58 PM,,,,,ec3b3a4510a27b19e778546a1e,smc,Last hour,Google,,male,60_above,east_north_central,android_mobile,100000_to_124999
118682412888,457665022,09/01/2024 06:44:02 PM,09/01/2024 06:44:28 PM,,,,,9acd0947f828edd108cbd02efe,smc,Today,Google,,female,60_above,mountain,ios_mobile,10000_to_24999
118682412847,457665022,09/01/2024 06:43:56 PM,09/01/2024 06:44:18 PM,,,,,1ad4b46cab9abcd4ca30fac8ea,smc,Today,Google,,male,45_to_60,middle_atlantic,ios_mobile,25000_to_49999
118682410994,457665022,09/01/2024 06:37:08 PM,09/01/2024 06:37:25 PM,,,,,7cf4df0f28bf29b487923fb6e1,smc,Today,Google,,male,30_to_44,pacific,android_mobile,125000_to_149999
118682410752,457665022,09/01/2024 06:36:21 PM,09/01/2024 06:36:31 PM,,,,,ba5ea744f5e260dcd1ffb4f25a,smc,Last week,Claude,,female,18_to_29,east_south_central,android_mobile,50000_to_74999
118682410697,457665022,09/01/2024 06:35:59 PM,09/01/2024 06:36:19 PM,,,,,a598abf2c8226ec3276f30cbf4,smc,Today,Google,,female,45_to_60,south_atlantic,android_mobile,75000_to_99999
118682410673,457665022,09/01/2024 06:35:59 PM,09/01/2024 06:36:14 PM,,,,,3aa1981e4b1e4fc4562cdb9b9d,smc,Yesterday,Google,,female,45_to_60,south_atlantic,ios_mobile,10000_to_24999
118681650106,457656552,08/30/2024 06:59:43 PM,08/30/2024 07:00:11 PM,,,,,6e66143644b972c89d218da0a3,smc,This month,Google,,male,45_to_60,middle_atlantic,android_mobile,150000_to_174999
118681650064,457656552,08/30/2024 06:59:43 PM,08/30/2024 07:00:02 PM,,,,,d53323fb0ff3ff9326e9d0504c,smc,Last hour,Google,,male,45_to_60,middle_atlantic,android_mobile,100000_to_124999
118681650037,457656552,08/30/2024 06:59:38 PM,08/30/2024 06:59:56 PM,,,,,61276c081521092937833829cd,smc,This month,Google,,male,45_to_60,middle_atlantic,android_mobile,150000_to_174999
118681650019,457656552,08/30/2024 06:59:16 PM,08/30/2024 06:59:53 PM,,,,,689ff9d3e3404307c7f262f495,smc,This month,Google,,male,60_above,middle_atlantic,android_mobile,150000_to_174999
118681650011,457656552,08/30/2024 06:58:56 PM,08/30/2024 06:59:50 PM,,,,,abed51b848b9174e720b5c68cf,smc,Today,Claude,,male,45_to_60,pacific,android_mobile,125000_to_149999
118681649963,457656552,08/30/2024 06:59:21 PM,08/30/2024 06:59:39 PM,,,,,9eb2edb1f10e387ae0a77cbfad,smc,This month,Google,,male,45_to_60,middle_atlantic,android_mobile,150000_to_174999
118681649930,457656552,08/30/2024 06:59:07 PM,08/30/2024 06:59:31 PM,,,,,08a28a3f5cd30dc883ecb56b24,smc,Last hour,Google,,male,60_above,south_atlantic,android_mobile,125000_to_149999
118681649920,457656552,08/30/2024 06:58:22 PM,08/30/2024 06:59:29 PM,,,,,14c50569ec1a8c4131de4681d5,smc,Today,Google,,male,45_to_60,middle_atlantic,android_mobile,125000_to_149999
118681649909,457656552,08/30/2024 06:58:30 PM,08/30/2024 06:59:25 PM,,,,,7d27e65519c0bc29bc73ce10e8,smc,Today,Google,,male,45_to_60,middle_atlantic,android_mobile,125000_to_149999
118681649805,457656552,08/30/2024 06:58:42 PM,08/30/2024 06:58:59 PM,,,,,cec58132e1a481fa5ba4a6b029,smc,This week,Google,,male,45_to_60,middle_atlantic,android_mobile,100000_to_124999
118681649776,457656552,08/30/2024 06:58:38 PM,08/30/2024 06:58:52 PM,,,,,53911cd970307df7dc7c22352a,smc,Last hour,Google,,male,45_to_60,south_atlantic,ios_mobile,150000_to_174999
118681649676,457656552,08/30/2024 06:58:11 PM,08/30/2024 06:58:31 PM,,,,,b11ef17a6bbf51a0f5f2abcf6b,smc,Today,ChatGPT,,male,45_to_60,pacific,android_mobile,125000_to_149999
118681649573,457656552,08/30/2024 06:57:57 PM,08/30/2024 06:58:07 PM,,,,,0fef74e67ad6e4cd9290595154,smc,Last hour,Bing,,male,45_to_60,middle_atlantic,android_mobile,150000_to_174999
118681649442,457656552,08/30/2024 06:57:28 PM,08/30/2024 06:57:41 PM,,,,,2130382efbeec26b1d7f370146,smc,Last hour,ChatGPT,,male,45_to_60,middle_atlantic,android_mobile,150000_to_174999
118681649199,457656552,08/30/2024 06:56:18 PM,08/30/2024 06:56:46 PM,,,,,31c602ba90685da29d08947b5f,smc,Today,ChatGPT,,male,45_to_60,middle_atlantic,android_mobile,150000_to_174999
118681647010,457656552,08/30/2024 06:48:52 PM,08/30/2024 06:49:16 PM,,,,,6b6f5b165c922f3bf6c38be7b4,smc,Today,Google,,male,30_to_44,south_atlantic,android_mobile,150000_to_174999
118681646979,457656552,08/30/2024 06:48:51 PM,08/30/2024 06:49:09 PM,,,,,c11000e7eac2c5a91b6c45cfb9,smc,Today,Google,,male,30_to_44,middle_atlantic,android_mobile,125000_to_149999
118681646947,457656552,08/30/2024 06:48:49 PM,08/30/2024 06:49:03 PM,,,,,724247b8e217761f603e37b226,smc,Today,Google,,male,30_to_44,east_north_central,android_mobile,75000_to_99999
118681646933,457656552,08/30/2024 06:48:45 PM,08/30/2024 06:48:58 PM,,,,,850ce96e6f8d0262b3b0f26777,smc,Today,Google,,male,30_to_44,east_north_central,ios_mobile,75000_to_99999
118681646874,457656552,08/30/2024 06:48:32 PM,08/30/2024 06:48:48 PM,,,,,75a4c7f3902f9408457b8b58d2,smc,Today,Google,,male,30_to_44,new_england,ios_mobile,75000_to_99999
118681646872,457656552,08/30/2024 06:48:28 PM,08/30/2024 06:48:48 PM,,,,,23a917d01bcec542bb198af501,smc,Today,Google,,male,30_to_44,pacific,android_mobile,200000_and_up
118681646854,457656552,08/30/2024 06:48:32 PM,08/30/2024 06:48:43 PM,,,,,7203cb817e07f0609034c9300c,smc,This week,Google,,male,30_to_44,south_atlantic,android_mobile,150000_to_174999
118681646809,457656552,08/30/2024 06:48:13 PM,08/30/2024 06:48:36 PM,,,,,44e627342dbe91e61513074197,smc,Last hour,ChatGPT,,male,30_to_44,pacific,android_mobile,125000_to_149999
118681646806,457656552,08/30/2024 06:48:10 PM,08/30/2024 06:48:36 PM,,,,,e57a6454bb2bfcc1fc07f78a25,smc,Today,Google,,male,30_to_44,pacific,android_mobile,50000_to_74999
118681646685,457656552,08/30/2024 06:47:35 PM,08/30/2024 06:48:10 PM,,,,,7cccb2a8bc4f1e2750cb9cd6f2,smc,Yesterday,Perplexity,,male,30_to_44,,android_mobile,150000_to_174999
118681646635,457656552,08/30/2024 06:47:40 PM,08/30/2024 06:48:02 PM,,,,,94b680873c163c6590e49b9498,smc,Yesterday,Google,,male,30_to_44,,ios_mobile,0_to_9999
118681646391,457656552,08/30/2024 06:46:46 PM,08/30/2024 06:47:11 PM,,,,,ac2ebbdc04bf1e7bebd4549976,smc,Yesterday,Google,,male,30_to_44,pacific,ios_mobile,100000_to_124999
118681643359,457656552,08/30/2024 06:35:09 PM,08/30/2024 06:35:49 PM,,,,,e879c16b122ddee998abb771c6,smc,Yesterday,Perplexity,,male,45_to_60,middle_atlantic,android_mobile,150000_to_174999
118681643324,457656552,08/30/2024 06:35:20 PM,08/30/2024 06:35:41 PM,,,,,8cb61a317e0c87f1bcb08f7dd8,smc,Last hour,Google,,male,60_above,middle_atlantic,android_mobile,175000_to_199999
118681643258,457656552,08/30/2024 06:35:14 PM,08/30/2024 06:35:29 PM,,,,,50cbb0dcd35b4da74d7093b539,smc,Today,ChatGPT,,male,45_to_60,pacific,ios_mobile,25000_to_49999
118681643245,457656552,08/30/2024 06:35:14 PM,08/30/2024 06:35:24 PM,,,,,2c7c9749ad0393c52c44de3489,smc,Last hour,Claude,,male,45_to_60,middle_atlantic,android_mobile,150000_to_174999
118681642648,457656552,08/30/2024 06:31:50 PM,08/30/2024 06:33:27 PM,,,,,568478598d563e2079e960b6e5,smc,Last hour,ChatGPT,,male,45_to_60,south_atlantic,android_mobile,125000_to_149999
118681642074,457656552,08/30/2024 06:31:04 PM,08/30/2024 06:31:20 PM,,,,,3fb1e0c79cf420ecf48ab766ec,smc,Today,Google,,male,30_to_44,west_south_central,ios_mobile,50000_to_74999
118681639891,457656552,08/30/2024 06:23:27 PM,08/30/2024 06:23:44 PM,,,,,7b2924268e98e43e5ad339b333,smc,Yesterday,Perplexity,,male,45_to_60,middle_atlantic,android_mobile,150000_to_174999
118681639288,457656552,08/30/2024 06:21:26 PM,08/30/2024 06:21:36 PM,,,,,ee4cd98782e3b9381dcb478922,smc,Today,ChatGPT,,male,18_to_29,south_atlantic,ios_mobile,75000_to_99999
118681639111,457656552,08/30/2024 06:20:17 PM,08/30/2024 06:20:57 PM,,,,,e29636c268609691def3022b6b,smc,Today,Google,,male,30_to_44,pacific,android_mobile,125000_to_149999
118681637201,457656552,08/30/2024 06:13:54 PM,08/30/2024 06:14:16 PM,,,,,299ed40067d14df9a9b7e794f3,smc,Yesterday,DuckDuckGo,,male,30_to_44,middle_atlantic,android_mobile,200000_and_up
118681635161,457656552,08/30/2024 06:07:11 PM,08/30/2024 06:07:32 PM,,,,,0f6db43036bae6efb78f7d1b4a,smc,Last hour,Google,,female,45_to_60,new_england,android_mobile,no_answer
118681634978,457656552,08/30/2024 06:06:37 PM,08/30/2024 06:07:00 PM,,,,,d3e936e17bd556f502fb43655c,smc,Last hour,Other (please specify),Safari,female,45_to_60,mountain,ios_mobile,50000_to_74999
118681634842,457656552,08/30/2024 06:06:16 PM,08/30/2024 06:06:32 PM,,,,,f2adcae7accbec625fbe2fd49c,smc,Yesterday,Google,,female,45_to_60,new_england,android_mobile,10000_to_24999
118681634691,457656552,08/30/2024 06:05:33 PM,08/30/2024 06:06:03 PM,,,,,99d8305cf1ae742c043179396c,smc,Yesterday,ChatGPT,,female,45_to_60,middle_atlantic,android_mobile,150000_to_174999
118681634626,457656552,08/30/2024 06:05:29 PM,08/30/2024 06:05:49 PM,,,,,2119d3eefcb447a0e49fe6829d,smc,This week,Claude,,male,45_to_60,pacific,android_mobile,125000_to_149999
118681634584,457656552,08/30/2024 06:05:23 PM,08/30/2024 06:05:40 PM,,,,,43fdb2c297c0e4d2e685294323,smc,Today,Google,,female,45_to_60,pacific,android_mobile,25000_to_49999
118681634568,457656552,08/30/2024 06:05:14 PM,08/30/2024 06:05:36 PM,,,,,bb55858740c6d9b380ae68c486,smc,Today,Google,,male,45_to_60,middle_atlantic,android_mobile,150000_to_174999
118681634505,457656552,08/30/2024 06:04:37 PM,08/30/2024 06:05:23 PM,,,,,1e3767e143267e761168a79d84,smc,Today,Google,,female,45_to_60,south_atlantic,android_mobile,25000_to_49999
118681634368,457656552,08/30/2024 06:04:11 PM,08/30/2024 06:04:59 PM,,,,,4198155b2aabd5ab0a227c719c,smc,Last hour,Google,,female,45_to_60,pacific,ios_mobile,no_answer
118681634272,457656552,08/30/2024 06:04:19 PM,08/30/2024 06:04:38 PM,,,,,83757f96abfdf211bcc9c00d55,smc,This week,Google,,female,45_to_60,east_north_central,ios_mobile,0_to_9999
118681634160,457656552,08/30/2024 06:04:03 PM,08/30/2024 06:04:15 PM,,,,,f54ca3e44195c64f10fd1cd56e,smc,Today,Google,,female,45_to_60,south_atlantic,android_mobile,25000_to_49999
118681634111,457656552,08/30/2024 06:03:46 PM,08/30/2024 06:04:06 PM,,,,,627e14795aa502b9e2d48e69aa,smc,Today,Google,,female,45_to_60,mountain,ios_mobile,100000_to_124999
118681633836,457656552,08/30/2024 06:02:43 PM,08/30/2024 06:03:12 PM,,,,,1e0080dd1d2b35fa41c1adcd2c,smc,Today,Google,,female,45_to_60,pacific,android_mobile,50000_to_74999
118681633741,457656552,08/30/2024 06:01:53 PM,08/30/2024 06:02:52 PM,,,,,bead1600dce400029493557853,smc,Today,Google,,male,30_to_44,pacific,android_mobile,175000_to_199999
118681633636,457656552,08/30/2024 06:02:09 PM,08/30/2024 06:02:31 PM,,,,,c47f34f97af4a98a1367ec087e,smc,Today,Google,,male,30_to_44,middle_atlantic,android_mobile,100000_to_124999
118681633624,457656552,08/30/2024 06:01:49 PM,08/30/2024 06:02:29 PM,,,,,8093613657caff7aef8b62b57a,smc,Today,Yahoo,,male,30_to_44,middle_atlantic,android_mobile,125000_to_149999
118681633583,457656552,08/30/2024 06:01:58 PM,08/30/2024 06:02:20 PM,,,,,426660989ac90e4dfbd28b156b,smc,Today,Google,,female,60_above,south_atlantic,pc_mac,75000_to_99999
118681633523,457656552,08/30/2024 06:01:56 PM,08/30/2024 06:02:11 PM,,,,,d4e4830c0b14efa82d740408dc,smc,Today,Google,,male,30_to_44,south_atlantic,android_mobile,100000_to_124999
118681633492,457656552,08/30/2024 06:01:50 PM,08/30/2024 06:02:05 PM,,,,,61dd8de68c6392fd02b3e3b3be,smc,Last hour,Google,,male,30_to_44,mountain,android_mobile,100000_to_124999
118681633414,457656552,08/30/2024 06:01:16 PM,08/30/2024 06:01:50 PM,,,,,742037a3f7fdbbefde35f4796d,smc,Today,Google,,female,45_to_60,west_north_central,ios_mobile,100000_to_124999
118681633363,457656552,08/30/2024 06:01:10 PM,08/30/2024 06:01:40 PM,,,,,68ff46c19a985d5fbae4f31f6c,smc,Last hour,Bing,,female,45_to_60,south_atlantic,ios_mobile,50000_to_74999
118681633056,457656552,08/30/2024 06:00:25 PM,08/30/2024 06:00:42 PM,,,,,e472f8ece0b4c988328833a09b,smc,Today,Yahoo,,female,45_to_60,pacific,android_mobile,175000_to_199999
118681633049,457656552,08/30/2024 06:00:03 PM,08/30/2024 06:00:37 PM,,,,,c349541ecc5609197b479e248e,smc,Today,Google,,female,45_to_60,east_south_central,ios_mobile,25000_to_49999
118681632939,457656552,08/30/2024 05:59:25 PM,08/30/2024 06:00:25 PM,,,,,db87fa9d56ae4e5a67958a7362,smc,Last week,Google,,female,45_to_60,mountain,ios_mobile,50000_to_74999
118681632822,457656552,08/30/2024 05:59:23 PM,08/30/2024 05:59:46 PM,,,,,d68b82071c37e9b599cde65b47,smc,Today,Yahoo,,female,45_to_60,middle_atlantic,ios_mobile,125000_to_149999
118681632727,457656552,08/30/2024 05:59:02 PM,08/30/2024 05:59:25 PM,,,,,6074bc860be8755b74861763c7,smc,Today,Google,,female,45_to_60,south_atlantic,android_mobile,25000_to_49999
118681632564,457656552,08/30/2024 05:58:39 PM,08/30/2024 05:58:55 PM,,,,,3a0e33134e0f9e1300122a9973,smc,Today,Yahoo,,female,45_to_60,pacific,ios_mobile,50000_to_74999
118681632037,457656552,08/30/2024 05:56:50 PM,08/30/2024 05:57:13 PM,,,,,c87c171af80e1eecd239c34d3c,smc,Today,DuckDuckGo,,female,45_to_60,west_north_central,ios_mobile,25000_to_49999
118681631816,457656552,08/30/2024 05:56:10 PM,08/30/2024 05:56:25 PM,,,,,5c3cecf9fdf579eec260db2747,smc,Last hour,Google,,male,45_to_60,south_atlantic,android_mobile,25000_to_49999
118681630188,457656552,08/30/2024 05:50:52 PM,08/30/2024 05:51:02 PM,,,,,7c4e392cdc5874b3e825c50e31,smc,Today,Claude,,female,45_to_60,middle_atlantic,android_mobile,100000_to_124999
118681629830,457656552,08/30/2024 05:49:36 PM,08/30/2024 05:49:50 PM,,,,,b7c73d5895b51dd4d37c871ac5,smc,Last hour,Google,,female,45_to_60,east_north_central,ios_mobile,200000_and_up
118681629060,457656552,08/30/2024 05:47:08 PM,08/30/2024 05:47:21 PM,,,,,e8060b273cc7c743d6a18149ea,smc,Last hour,Google,,male,45_to_60,south_atlantic,android_mobile,50000_to_74999
118681628925,457656552,08/30/2024 05:46:44 PM,08/30/2024 05:46:54 PM,,,,,13ec054779f17097e3ff679d3e,smc,Last week,Google,,male,30_to_44,east_south_central,android_mobile,75000_to_99999
118681627664,457656552,08/30/2024 05:42:37 PM,08/30/2024 05:42:58 PM,,,,,499f6d68c118c7450643291ee5,smc,Last hour,Bing,,female,60_above,mountain,ios_mobile,50000_to_74999
118681627659,457656552,08/30/2024 05:42:31 PM,08/30/2024 05:42:56 PM,,,,,75c145cbee81b67dd13b885327,smc,Last hour,Google,,female,45_to_60,west_north_central,ios_mobile,50000_to_74999
118681627105,457656552,08/30/2024 05:40:46 PM,08/30/2024 05:41:09 PM,,,,,687add5c7d80223a796120ce8b,smc,Last hour,ChatGPT,,male,30_to_44,pacific,ios_mobile,10000_to_24999
118681626357,457656552,08/30/2024 05:38:26 PM,08/30/2024 05:38:43 PM,,,,,16a54620ca27ff7e0116adb480,smc,Last hour,Google,,male,45_to_60,west_south_central,android_mobile,200000_and_up
118681625880,457656552,08/30/2024 05:36:58 PM,08/30/2024 05:37:12 PM,,,,,a803dd3533875e18f28c8488f7,smc,This week,Google,,male,18_to_29,mountain,android_mobile,25000_to_49999
118681625101,457656552,08/30/2024 05:34:27 PM,08/30/2024 05:34:44 PM,,,,,1af79aef389dc25d87d825e165,smc,Last hour,Google,,female,60_above,west_south_central,android_mobile,25000_to_49999
118681625073,457656552,08/30/2024 05:34:20 PM,08/30/2024 05:34:40 PM,,,,,c0cdca178df132534b1e49ffd7,smc,Today,Google,,female,60_above,middle_atlantic,android_mobile,0_to_9999
118681623438,457656552,08/30/2024 05:29:15 PM,08/30/2024 05:29:35 PM,,,,,2695607c4032dd16a5f10c7c4f,smc,Today,Google,,male,45_to_60,west_south_central,android_mobile,50000_to_74999
118681622949,457656552,08/30/2024 05:27:29 PM,08/30/2024 05:27:59 PM,,,,,5ca733ca061e8fafbbcd763450,smc,Today,Google,,female,45_to_60,south_atlantic,android_mobile,0_to_9999
118681621909,457656552,08/30/2024 05:24:27 PM,08/30/2024 05:24:44 PM,,,,,e11135e07561a9bbd67b3879e0,smc,Today,Bing,,male,30_to_44,middle_atlantic,android_mobile,0_to_9999
118681620654,457656552,08/30/2024 05:20:33 PM,08/30/2024 05:20:58 PM,,,,,164c510e764096345910ff53e5,smc,Last hour,Google,,male,45_to_60,south_atlantic,ios_mobile,75000_to_99999
118681618488,457656552,08/30/2024 05:13:57 PM,08/30/2024 05:14:14 PM,,,,,7de378abbf5a2c955737ae7e0d,smc,Today,Google,,male,45_to_60,middle_atlantic,android_mobile,125000_to_149999
118681617417,457656552,08/30/2024 05:10:46 PM,08/30/2024 05:11:05 PM,,,,,5bdad39c7ec4661a006ddf25ad,smc,Yesterday,Google,,male,45_to_60,west_south_central,ios_mobile,25000_to_49999
118681616068,457656552,08/30/2024 05:06:27 PM,08/30/2024 05:06:51 PM,,,,,35775b8e74895c0b9364d14e27,smc,Today,Google,,male,30_to_44,south_atlantic,android_mobile,175000_to_199999
118681615784,457656552,08/30/2024 05:05:38 PM,08/30/2024 05:06:05 PM,,,,,bfdf8877f1bfe7a2c1b25f30d2,smc,Last hour,Google,,male,45_to_60,west_south_central,android_mobile,25000_to_49999
118681615742,457656552,08/30/2024 05:05:20 PM,08/30/2024 05:05:57 PM,,,,,2e5330448259009f8b10e39e78,smc,Today,Google,,male,30_to_44,pacific,android_mobile,50000_to_74999
118681615167,457656552,08/30/2024 05:03:51 PM,08/30/2024 05:04:09 PM,,,,,e70721b06472e1314a2ea08fe9,smc,Yesterday,Google,,female,60_above,east_south_central,android_mobile,25000_to_49999
118681615078,457656552,08/30/2024 05:03:21 PM,08/30/2024 05:03:56 PM,,,,,ecc94316c4be8f9089374293e6,smc,Last week,Other,,female,60_above,east_north_central,ios_mobile,10000_to_24999
118681614888,457656552,08/30/2024 05:01:54 PM,08/30/2024 05:03:20 PM,,,,,5cba12067d0877c6d70edcf87d,smc,Yesterday,Google,,male,30_to_44,pacific,android_mobile,200000_and_up
118681614798,457656552,08/30/2024 05:02:52 PM,08/30/2024 05:03:05 PM,,,,,c767db5a7ebeaef5e3252dc754,smc,Last hour,Google,,female,60_above,new_england,pc_mac,no_answer
118681613799,457656552,08/30/2024 04:59:52 PM,08/30/2024 05:00:14 PM,,,,,c9ff8b3c84a4a07ae2c94ee260,smc,Last hour,Google,,male,30_to_44,mountain,android_mobile,100000_to_124999
118681613755,457656552,08/30/2024 04:59:48 PM,08/30/2024 05:00:08 PM,,,,,8a4c66b67cdc0728ce3458d479,smc,Today,Perplexity,,male,18_to_29,middle_atlantic,android_mobile,200000_and_up
118681612681,457656552,08/30/2024 04:56:25 PM,08/30/2024 04:56:46 PM,,,,,0da12492535448f78cf5274c02,smc,Last hour,Google,,male,30_to_44,south_atlantic,ios_mobile,175000_to_199999
118681611955,457656552,08/30/2024 04:54:30 PM,08/30/2024 04:54:42 PM,,,,,dc8cafa04b276454690890c6e2,smc,Last hour,Google,,male,30_to_44,pacific,ios_mobile,25000_to_49999
118681611895,457656552,08/30/2024 04:53:45 PM,08/30/2024 04:54:33 PM,,,,,31422efdc99e488167ff724b87,smc,Last hour,ChatGPT,,male,45_to_60,middle_atlantic,android_mobile,100000_to_124999
118681611689,457656552,08/30/2024 04:53:38 PM,08/30/2024 04:54:30 PM,,,,,843a4a8fe5bbe57784f26e9ac7,smc,Yesterday,Bing,,male,60_above,south_atlantic,pc_windows,no_answer
118681611481,457656552,08/30/2024 04:53:00 PM,08/30/2024 04:53:17 PM,,,,,e0b61f6ee376b972ab7cfe688e,smc,Today,Google,,male,30_to_44,east_south_central,ios_mobile,10000_to_24999
118681610963,457656552,08/30/2024 04:51:05 PM,08/30/2024 04:51:39 PM,,,,,3a16e826d335671b5bb1de8b99,smc,Today,Google,,female,18_to_29,pacific,android_mobile,0_to_9999
118681610912,457656552,08/30/2024 04:51:19 PM,08/30/2024 04:51:33 PM,,,,,edbf8f3506a52fa0c5d75d0f8e,smc,Today,Google,,female,18_to_29,middle_atlantic,ios_mobile,100000_to_124999
118681610711,457656552,08/30/2024 04:50:37 PM,08/30/2024 04:51:00 PM,,,,,fd6e2864df118c4426c480c823,smc,Today,ChatGPT,,female,30_to_44,east_south_central,android_mobile,75000_to_99999
118681610649,457656552,08/30/2024 04:50:43 PM,08/30/2024 04:50:50 PM,,,,,ea148b956c0f65b2f0a04c3208,smc,This month,Bing,,female,18_to_29,pacific,ios_mobile,75000_to_99999
118681610637,457656552,08/30/2024 04:50:29 PM,08/30/2024 04:50:47 PM,,,,,8c9607491aaf0810d6cca32356,smc,This month,Google,,female,30_to_44,middle_atlantic,ios_mobile,50000_to_74999
118681610614,457656552,08/30/2024 04:50:28 PM,08/30/2024 04:50:43 PM,,,,,699d08f802bf4b6c47a915cbdb,smc,This week,ChatGPT,,female,30_to_44,south_atlantic,android_mobile,125000_to_149999
118681610592,457656552,08/30/2024 04:50:22 PM,08/30/2024 04:50:40 PM,,,,,a293aa6282fd76f75323a46002,smc,Yesterday,ChatGPT,,male,45_to_60,middle_atlantic,android_mobile,100000_to_124999
118681610581,457656552,08/30/2024 04:50:27 PM,08/30/2024 04:50:39 PM,,,,,d04ff31b8ae635eeb38fa9e04a,smc,Last hour,Google,,female,30_to_44,south_atlantic,ios_mobile,25000_to_49999
118681610572,457656552,08/30/2024 04:50:10 PM,08/30/2024 04:50:36 PM,,,,,97936e88feec73a1093967d337,smc,Today,Google,,female,30_to_44,pacific,ios_mobile,50000_to_74999
118681610501,457656552,08/30/2024 04:49:31 PM,08/30/2024 04:50:27 PM,,,,,b0bf57586b829f34b740e66be7,smc,Today,Google,,female,18_to_29,west_south_central,ios_mobile,0_to_9999
118681610411,457656552,08/30/2024 04:49:48 PM,08/30/2024 04:50:10 PM,,,,,2f62778417a920f930848eb4c0,smc,This month,Google,,female,30_to_44,south_atlantic,android_mobile,75000_to_99999
118681610398,457656552,08/30/2024 04:49:51 PM,08/30/2024 04:50:10 PM,,,,,edd46ce3c44b619491ac59f739,smc,Today,Google,,female,30_to_44,west_south_central,ios_mobile,25000_to_49999
118681610389,457656552,08/30/2024 04:49:53 PM,08/30/2024 04:50:05 PM,,,,,4a46aa66154c658cd6c9c5819a,smc,Yesterday,Google,,female,30_to_44,east_north_central,ios_mobile,75000_to_99999
118681610296,457656552,08/30/2024 04:49:29 PM,08/30/2024 04:49:49 PM,,,,,8da9a470247523e6bac26f1dea,smc,Last hour,Google,,female,18_to_29,middle_atlantic,android_mobile,200000_and_up
118681610256,457656552,08/30/2024 04:49:31 PM,08/30/2024 04:49:42 PM,,,,,723ff303c8129f4d475bdd52fc,smc,Last hour,Google,,female,18_to_29,new_england,ios_mobile,50000_to_74999
118681610219,457656552,08/30/2024 04:49:24 PM,08/30/2024 04:49:38 PM,,,,,82db578c1ed9e7720b86f53559,smc,Last hour,Google,,female,30_to_44,east_north_central,ios_mobile,150000_to_174999
118681610154,457656552,08/30/2024 04:49:03 PM,08/30/2024 04:49:22 PM,,,,,3579ccf146994eaa7de6f6e3da,smc,Today,ChatGPT,,male,30_to_44,,android_mobile,100000_to_124999
118681610071,457656552,08/30/2024 04:48:56 PM,08/30/2024 04:49:08 PM,,,,,58fea527d75f239fc2cbdb1d7c,smc,Yesterday,Google,,female,30_to_44,middle_atlantic,android_mobile,100000_to_124999
118681609258,457656552,08/30/2024 04:46:12 PM,08/30/2024 04:46:38 PM,,,,,a76be05f2efd23cc987185ad2f,smc,Today,Google,,female,60_above,middle_atlantic,ios_mobile,25000_to_49999
118681609227,457656552,08/30/2024 04:46:13 PM,08/30/2024 04:46:33 PM,,,,,84cd3230864f479a2b7f763486,smc,Last hour,Google,,female,45_to_60,west_north_central,android_mobile,25000_to_49999
118681608318,457656552,08/30/2024 04:43:37 PM,08/30/2024 04:43:53 PM,,,,,6b6278f77d219c4d48cddfb7f0,smc,Last hour,Google,,female,30_to_44,mountain,ios_mobile,10000_to_24999
118681607313,457656552,08/30/2024 04:40:41 PM,08/30/2024 04:41:01 PM,,,,,9d8116f9c3de6887b208235b39,smc,Yesterday,Google,,male,18_to_29,south_atlantic,android_mobile,75000_to_99999
118681607087,457656552,08/30/2024 04:40:13 PM,08/30/2024 04:40:23 PM,,,,,f813ff8b452c40273014f8d8fe,smc,Last hour,Google,,male,30_to_44,east_north_central,android_mobile,125000_to_149999
118681606684,457656552,08/30/2024 04:38:56 PM,08/30/2024 04:39:17 PM,,,,,fa30c3c55490d3e43f2179a6a8,smc,Last hour,Google,,female,45_to_60,east_north_central,android_mobile,10000_to_24999
118681606598,457656552,08/30/2024 04:38:19 PM,08/30/2024 04:39:04 PM,,,,,b9d05a9bd661d595ed489f2bf1,smc,Last hour,Google,,female,60_above,west_north_central,ios_mobile,50000_to_74999
118681606142,457656552,08/30/2024 04:37:10 PM,08/30/2024 04:37:51 PM,,,,,8340d151783e5e8b8c11cd5172,smc,This week,ChatGPT,,female,30_to_44,middle_atlantic,ios_mobile,10000_to_24999
118681605887,457656552,08/30/2024 04:36:50 PM,08/30/2024 04:37:05 PM,,,,,9d6fa9ec788f2c771db02a2324,smc,Today,Google,,male,18_to_29,south_atlantic,android_mobile,50000_to_74999
118681605380,457656552,08/30/2024 04:35:12 PM,08/30/2024 04:35:41 PM,,,,,83cd6324cf9236df7a11bb1e05,smc,Today,DuckDuckGo,,male,60_above,east_north_central,ios_mobile,10000_to_24999
118681605344,457656552,08/30/2024 04:35:18 PM,08/30/2024 04:35:36 PM,,,,,754cbbf9cad1764de241faee22,smc,Last hour,DuckDuckGo,,male,45_to_60,middle_atlantic,android_mobile,150000_to_174999
118681605008,457656552,08/30/2024 04:34:20 PM,08/30/2024 04:34:38 PM,,,,,5db37b3e9d31f1158c2e869cf0,smc,Today,Google,,female,18_to_29,south_atlantic,android_mobile,25000_to_49999
118681604171,457656552,08/30/2024 04:32:11 PM,08/30/2024 04:32:23 PM,,,,,4130f5118be99665f21215197a,smc,Last hour,Google,,female,30_to_44,west_south_central,android_mobile,75000_to_99999
118681604011,457656552,08/30/2024 04:31:41 PM,08/30/2024 04:31:58 PM,,,,,057e3970f16905994856e29fe2,smc,Today,Google,,female,30_to_44,south_atlantic,ios_mobile,25000_to_49999
118681603713,457656552,08/30/2024 04:30:59 PM,08/30/2024 04:31:14 PM,,,,,ddb0cac1d6b5863134c835827f,smc,Today,Google,,female,18_to_29,west_south_central,android_mobile,100000_to_124999
118681603494,457656552,08/30/2024 04:30:21 PM,08/30/2024 04:30:42 PM,,,,,ff39397432b3e7ef615d93fbd0,smc,Yesterday,Google,,female,45_to_60,east_north_central,ios_mobile,10000_to_24999
118681603367,457656552,08/30/2024 04:28:47 PM,08/30/2024 04:30:26 PM,,,,,6195c0a983cbca82dd80f52b94,smc,Today,Bing,,female,30_to_44,pacific,android_mobile,125000_to_149999
118681602963,457656552,08/30/2024 04:29:12 PM,08/30/2024 04:29:21 PM,,,,,343556e4d7ce2a8f53825beb1e,smc,Last hour,Google,,female,30_to_44,new_england,ios_mobile,50000_to_74999
118681602365,457656552,08/30/2024 04:26:45 PM,08/30/2024 04:27:45 PM,,,,,b8d508b4f1108d06df12ac1539,smc,Today,Google,,male,30_to_44,west_south_central,ios_mobile,100000_to_124999
118681602215,457656552,08/30/2024 04:27:10 PM,08/30/2024 04:27:22 PM,,,,,9279e02e90bfe940173e61d823,smc,This week,Google,,male,30_to_44,middle_atlantic,android_mobile,50000_to_74999
118681602170,457656552,08/30/2024 04:26:54 PM,08/30/2024 04:27:14 PM,,,,,f4bd3a012bfc64a414c9e98827,smc,Today,Google,,male,45_to_60,new_england,ios_mobile,100000_to_124999
118681601934,457656552,08/30/2024 04:25:12 PM,08/30/2024 04:26:42 PM,,,,,bd45a9fc04c4ea66d67d9a8557,smc,Yesterday,Google,,male,30_to_44,south_atlantic,android_mobile,125000_to_149999
118681600179,457656552,08/30/2024 04:22:07 PM,08/30/2024 04:22:33 PM,,,,,7756f4e199432874ce6d951cf2,smc,Today,Google,,female,60_above,south_atlantic,ios_mobile,10000_to_24999
118681599237,457656552,08/30/2024 04:19:35 PM,08/30/2024 04:20:13 PM,,,,,3084d1ed8b3b9006a59213973e,smc,Today,Google,,male,18_to_29,east_south_central,ios_mobile,25000_to_49999
118681599159,457656552,08/30/2024 04:19:07 PM,08/30/2024 04:20:00 PM,,,,,7a39112cdd44f8b6d3e1f2103c,smc,Yesterday,Claude,,male,18_to_29,south_atlantic,android_mobile,25000_to_49999
118681598410,457656552,08/30/2024 04:17:38 PM,08/30/2024 04:17:56 PM,,,,,0106b852fc911e73da8b35b0ce,smc,Today,Google,,male,30_to_44,south_atlantic,ios_mobile,no_answer
118681598345,457656552,08/30/2024 04:17:11 PM,08/30/2024 04:17:44 PM,,,,,52133ccf980462a2f60a79813c,smc,This week,Google,,male,45_to_60,west_south_central,ios_mobile,100000_to_124999
118681598312,457656552,08/30/2024 04:17:04 PM,08/30/2024 04:17:40 PM,,,,,3585c312c1efc65d728c06639d,smc,Last hour,Google,,female,30_to_44,west_south_central,ios_mobile,200000_and_up
118681598245,457656552,08/30/2024 04:17:10 PM,08/30/2024 04:17:30 PM,,,,,22012d9bbd0c9f0deafb4bdb88,smc,Today,Google,,male,60_above,east_north_central,android_mobile,75000_to_99999
118681597919,457656552,08/30/2024 04:14:23 PM,08/30/2024 04:16:39 PM,,,,,e9c5dcce1c1fe46aaf0ffeb024,smc,Last hour,Google,,female,45_to_60,middle_atlantic,android_mobile,175000_to_199999
118681597083,457656552,08/30/2024 04:14:12 PM,08/30/2024 04:14:32 PM,,,,,8167ccc6aec4549ed7f99b09b5,smc,Last hour,Google,,female,30_to_44,south_atlantic,android_mobile,25000_to_49999
118681596992,457656552,08/30/2024 04:14:02 PM,08/30/2024 04:14:17 PM,,,,,0b85451aafe1f7b2050fceac6c,smc,Today,Google,,male,30_to_44,east_south_central,android_mobile,50000_to_74999
118681595702,457656552,08/30/2024 04:10:25 PM,08/30/2024 04:10:41 PM,,,,,c14d3a83c397b8fe8534149c5a,smc,Yesterday,Google,,female,30_to_44,pacific,android_mobile,100000_to_124999
118681595002,457656552,08/30/2024 04:08:22 PM,08/30/2024 04:08:40 PM,,,,,ce2e2932570596d3ba694e22b8,smc,Today,DuckDuckGo,,female,30_to_44,west_south_central,ios_mobile,75000_to_99999
118681594819,457656552,08/30/2024 04:07:50 PM,08/30/2024 04:08:07 PM,,,,,0385c14e66439132df5e12f9e5,smc,Last hour,Google,,male,30_to_44,west_north_central,ios_mobile,50000_to_74999
118681593865,457656552,08/30/2024 04:03:59 PM,08/30/2024 04:05:46 PM,,,,,d44f1ff1e828d852d85de8b0ca,smc,Last hour,ChatGPT,,female,30_to_44,middle_atlantic,android_mobile,100000_to_124999
118681593264,457656552,08/30/2024 04:03:52 PM,08/30/2024 04:04:20 PM,,,,,f6297168f4dd621531d70d35c2,smc,Yesterday,DuckDuckGo,,female,30_to_44,new_england,android_mobile,50000_to_74999
118681593180,457656552,08/30/2024 04:03:50 PM,08/30/2024 04:04:09 PM,,,,,e3063d90dc80db26d55c030716,smc,Last hour,Google,,female,30_to_44,east_north_central,android_mobile,25000_to_49999
118681592913,457656552,08/30/2024 04:03:05 PM,08/30/2024 04:03:30 PM,,,,,6005e57a805bda98fbc6225e73,smc,Yesterday,DuckDuckGo,,female,60_above,south_atlantic,android_mobile,50000_to_74999
118681592385,457656552,08/30/2024 04:01:54 PM,08/30/2024 04:02:15 PM,,,,,64f353f0097c52318779425295,smc,Last hour,DuckDuckGo,,male,18_to_29,west_south_central,android_mobile,0_to_9999
118681591466,457656552,08/30/2024 03:59:38 PM,08/30/2024 03:59:55 PM,,,,,a9ca16efc26757e4853f9d0408,smc,Today,Google,,female,30_to_44,south_atlantic,android_mobile,50000_to_74999
118681591427,457656552,08/30/2024 03:59:15 PM,08/30/2024 03:59:44 PM,,,,,7f0ecb436f1d3f5ea5f8a6eb7b,smc,Yesterday,Google,,male,60_above,pacific,android_mobile,25000_to_49999
118681591366,457656552,08/30/2024 03:59:10 PM,08/30/2024 03:59:36 PM,,,,,b031161ca88e2e3c6d46034763,smc,Today,Google,,male,60_above,east_north_central,ios_mobile,25000_to_49999
118681591226,457656552,08/30/2024 03:58:58 PM,08/30/2024 03:59:12 PM,,,,,6f9b6eeab3e86f402b0a6774d8,smc,Today,Google,,female,30_to_44,middle_atlantic,ios_mobile,25000_to_49999
118681591087,457656552,08/30/2024 03:58:28 PM,08/30/2024 03:58:47 PM,,,,,8f9e1826c9c8310acf4ecd9e06,smc,Yesterday,Google,,female,60_above,mountain,android_mobile,75000_to_99999
118681590624,457656552,08/30/2024 03:57:13 PM,08/30/2024 03:57:34 PM,,,,,a00c9d792f715562db8b90e1de,smc,This week,Google,,male,18_to_29,pacific,ios_mobile,50000_to_74999
118681589090,457656552,08/30/2024 03:51:40 PM,08/30/2024 03:53:33 PM,,,,,0594b7cd7ab8c481a14b87d2f5,smc,Today,Google,,female,30_to_44,south_atlantic,android_mobile,75000_to_99999
118681588345,457656552,08/30/2024 03:51:17 PM,08/30/2024 03:51:47 PM,,,,,0c36b21bf2b2db1fe087303678,smc,Last hour,Google,,female,45_to_60,west_south_central,ios_mobile,25000_to_49999
118681588331,457656552,08/30/2024 03:51:27 PM,08/30/2024 03:51:45 PM,,,,,302578b381553920dbaf1ac401,smc,This week,Google,,female,45_to_60,east_north_central,ios_mobile,50000_to_74999
118681588277,457656552,08/30/2024 03:51:20 PM,08/30/2024 03:51:35 PM,,,,,54307f3ef5b391395875bcefc2,smc,Last hour,Google,,female,45_to_60,west_north_central,android_mobile,100000_to_124999
118681587492,457656552,08/30/2024 03:49:21 PM,08/30/2024 03:49:41 PM,,,,,dd4da61983b4d3497fcd28ab16,smc,Today,ChatGPT,,male,30_to_44,south_atlantic,android_mobile,150000_to_174999
118681586383,457656552,08/30/2024 03:46:35 PM,08/30/2024 03:46:55 PM,,,,,3a32d71b23dcc502dcce0b31a7,smc,Today,Google,,female,30_to_44,pacific,android_mobile,125000_to_149999
118681585837,457656552,08/30/2024 03:45:12 PM,08/30/2024 03:45:27 PM,,,,,512c3482ed6fd5ccd90bdf1692,smc,This week,Google,,female,30_to_44,pacific,ios_mobile,50000_to_74999
118681585698,457656552,08/30/2024 03:44:40 PM,08/30/2024 03:45:06 PM,,,,,9ff49124e5711bb054f149c458,smc,Today,Google,,female,30_to_44,east_north_central,ios_mobile,75000_to_99999
118681584983,457656552,08/30/2024 03:42:51 PM,08/30/2024 03:43:13 PM,,,,,8bff977100f1d804a7dc958177,smc,Today,Google,,female,30_to_44,mountain,android_mobile,50000_to_74999
118681584350,457656552,08/30/2024 03:41:19 PM,08/30/2024 03:41:34 PM,,,,,c56613102d520de38da715532c,smc,Last hour,Google,,female,30_to_44,west_north_central,android_mobile,25000_to_49999
118681582539,457656552,08/30/2024 03:37:03 PM,08/30/2024 03:37:14 PM,,,,,464ad39ba5edd78c43badcb6cd,smc,Last hour,Yahoo,,male,30_to_44,west_south_central,android_mobile,200000_and_up
118681581653,457656552,08/30/2024 03:34:49 PM,08/30/2024 03:35:02 PM,,,,,950de3c7660b302aebab34cf20,smc,Last hour,Bing,,female,45_to_60,new_england,android_mobile,25000_to_49999
118681581641,457656552,08/30/2024 03:34:46 PM,08/30/2024 03:35:00 PM,,,,,faa28bb673fd93c079f9ba96a7,smc,Last hour,Google,,female,45_to_60,middle_atlantic,android_mobile,75000_to_99999
118681580359,457656552,08/30/2024 03:31:41 PM,08/30/2024 03:31:55 PM,,,,,e271e5e2b118d09a50bb9aa61a,smc,This week,Yahoo,,male,18_to_29,south_atlantic,android_mobile,0_to_9999
118681580187,457656552,08/30/2024 03:31:09 PM,08/30/2024 03:31:28 PM,,,,,c04c475b4282e1767d96dac987,smc,Last hour,Google,,female,30_to_44,mountain,android_mobile,75000_to_99999
118681580148,457656552,08/30/2024 03:31:00 PM,08/30/2024 03:31:26 PM,,,,,ee6ee010076811a4c33791e963,smc,Yesterday,Google,,female,30_to_44,south_atlantic,ios_mobile,75000_to_99999
118681580146,457656552,08/30/2024 03:31:10 PM,08/30/2024 03:31:22 PM,,,,,49a895cfbfea685f86961c578a,smc,Today,ChatGPT,,male,45_to_60,middle_atlantic,android_mobile,125000_to_149999
118681579342,457656552,08/30/2024 03:29:05 PM,08/30/2024 03:29:26 PM,,,,,f157b4477589e99557fdbf2697,smc,Last hour,ChatGPT,,female,18_to_29,south_atlantic,ios_mobile,25000_to_49999
118681579223,457656552,08/30/2024 03:28:49 PM,08/30/2024 03:29:09 PM,,,,,93a74d2b485ebb1e0aea08ed2d,smc,Today,Google,,female,60_above,middle_atlantic,android_mobile,25000_to_49999
118681579183,457656552,08/30/2024 03:28:44 PM,08/30/2024 03:29:04 PM,,,,,62e6864087a7c591035f775bb8,smc,Today,Google,,female,18_to_29,middle_atlantic,android_mobile,200000_and_up
118681578221,457656552,08/30/2024 03:26:02 PM,08/30/2024 03:26:37 PM,,,,,06150fc350194e569ee242f8f4,smc,Yesterday,Other (please specify),YouTube,male,30_to_44,east_south_central,ios_mobile,25000_to_49999
118681577922,457656552,08/30/2024 03:25:38 PM,08/30/2024 03:25:57 PM,,,,,93e5ecf302aef2759ffb82ea04,smc,Yesterday,Google,,male,30_to_44,middle_atlantic,android_mobile,50000_to_74999
118681577165,457656552,08/30/2024 03:23:25 PM,08/30/2024 03:24:08 PM,,,,,fbf9895f0692f1271b8247e8ca,smc,Today,Google,,male,45_to_60,south_atlantic,android_mobile,25000_to_49999
118681577062,457656552,08/30/2024 03:23:22 PM,08/30/2024 03:23:54 PM,,,,,404c0925cb0d85f9065d281d06,smc,Today,Google,,male,45_to_60,south_atlantic,android_mobile,25000_to_49999
118681577027,457656552,08/30/2024 03:23:31 PM,08/30/2024 03:23:48 PM,,,,,dc0398d9ca97caed8ee2dd0682,smc,This month,Yahoo,,male,60_above,middle_atlantic,android_mobile,150000_to_174999
118681576973,457656552,08/30/2024 03:23:22 PM,08/30/2024 03:23:42 PM,,,,,5b3d32e93d31b772ce25ba088f,smc,Today,Google,,male,60_above,east_south_central,ios_mobile,100000_to_124999
118681576024,457656552,08/30/2024 03:20:48 PM,08/30/2024 03:21:24 PM,,,,,be8179d85af0b63bf8de290f78,smc,Today,Google,,female,60_above,pacific,android_mobile,125000_to_149999
118681575597,457656552,08/30/2024 03:20:08 PM,08/30/2024 03:20:21 PM,,,,,12380db2407747c099f88d32ec,smc,Today,Google,,male,18_to_29,west_south_central,ios_mobile,200000_and_up
118681575327,457656552,08/30/2024 03:19:20 PM,08/30/2024 03:19:39 PM,,,,,3483ba610d08611a8f20d0a51a,smc,Last hour,Google,,female,30_to_44,south_atlantic,ios_mobile,25000_to_49999
118681575322,457656552,08/30/2024 03:19:24 PM,08/30/2024 03:19:38 PM,,,,,fd966d6fefe64de2634c26d1e3,smc,Last hour,Google,,female,18_to_29,east_north_central,android_mobile,50000_to_74999
118681574711,457656552,08/30/2024 03:17:54 PM,08/30/2024 03:18:10 PM,,,,,a77fb994c3bdb01ba2b9dcb2a4,smc,Today,Google,,female,18_to_29,east_north_central,ios_mobile,100000_to_124999
118681573248,457656552,08/30/2024 03:14:43 PM,08/30/2024 03:14:54 PM,,,,,88730fa2368208053e9bcfb8d4,smc,Today,ChatGPT,,male,30_to_44,middle_atlantic,android_mobile,125000_to_149999
118681573089,457656552,08/30/2024 03:14:07 PM,08/30/2024 03:14:33 PM,,,,,1d69239578569c133205fdc5a0,smc,Last hour,Google,,female,30_to_44,east_north_central,ios_mobile,125000_to_149999
118681573082,457656552,08/30/2024 03:14:15 PM,08/30/2024 03:14:32 PM,,,,,182bf66aa7894b21f22fa3b3af,smc,Last hour,Google,,male,45_to_60,mountain,android_mobile,50000_to_74999
118681572720,457656552,08/30/2024 03:13:00 PM,08/30/2024 03:13:48 PM,,,,,9db52d128b6291345671866284,smc,Today,Google,,male,30_to_44,pacific,android_mobile,125000_to_149999
118681572473,457656552,08/30/2024 03:12:59 PM,08/30/2024 03:13:18 PM,,,,,50d66228e73db962db69f8c23c,smc,Today,Google,,female,45_to_60,middle_atlantic,ios_mobile,125000_to_149999
118681571708,457656552,08/30/2024 03:11:20 PM,08/30/2024 03:11:33 PM,,,,,f84a8ca2658330f7f9a7523fc3,smc,Last hour,Google,,male,30_to_44,south_atlantic,android_mobile,75000_to_99999
118681571506,457656552,08/30/2024 03:10:41 PM,08/30/2024 03:11:04 PM,,,,,2b70255c1b39aa638fc55a00c2,smc,Today,Google,,male,45_to_60,south_atlantic,ios_mobile,75000_to_99999
118681569475,457656552,08/30/2024 03:06:19 PM,08/30/2024 03:06:46 PM,,,,,f31e4a3ef75aef85691e287e4d,smc,,Other (please specify),Siri,male,45_to_60,west_south_central,ios_mobile,75000_to_99999
118681569180,457656552,08/30/2024 03:05:49 PM,08/30/2024 03:06:04 PM,,,,,bf8d66af4199a67a5f5c1b7c54,smc,Last hour,Google,,female,30_to_44,,android_mobile,0_to_9999
118681568462,457656552,08/30/2024 03:04:25 PM,08/30/2024 03:04:37 PM,,,,,5b2eb0a161ef9993e097ae2964,smc,Last hour,Google,,male,18_to_29,middle_atlantic,android_mobile,100000_to_124999
118681567806,457656552,08/30/2024 03:02:53 PM,08/30/2024 03:03:11 PM,,,,,309a5a3e253ccb4511993c0e14,smc,Today,Google,,female,60_above,east_north_central,android_mobile,25000_to_49999
118681566861,457656552,08/30/2024 03:00:41 PM,08/30/2024 03:01:08 PM,,,,,2489fdec89e0536f57f9c0dc58,smc,Yesterday,DuckDuckGo,,male,18_to_29,south_atlantic,ios_mobile,75000_to_99999
118681566840,457656552,08/30/2024 02:58:20 PM,08/30/2024 03:01:05 PM,,,,,a50569bbeaf763f5cd5276c771,smc,Yesterday,Yahoo,,male,30_to_44,middle_atlantic,android_mobile,25000_to_49999
118681565905,457656552,08/30/2024 02:58:52 PM,08/30/2024 02:59:06 PM,,,,,34582607a507fa243438b369c5,smc,Last hour,Google,,female,30_to_44,east_south_central,android_mobile,75000_to_99999
118681565280,457656552,08/30/2024 02:56:50 PM,08/30/2024 02:57:45 PM,,,,,19b8b000f9ab3c61d875ebed30,smc,Yesterday,Google,,male,30_to_44,east_south_central,android_mobile,25000_to_49999
118681564373,457656552,08/30/2024 02:51:22 PM,08/30/2024 02:55:55 PM,,,,,44dbba5777b371ac48680a302b,smc,Last hour,Google,,male,30_to_44,pacific,android_mobile,200000_and_up
118681564202,457656552,08/30/2024 02:55:18 PM,08/30/2024 02:55:32 PM,,,,,1c4ae98b502113c874f7981c7e,smc,Today,ChatGPT,,male,30_to_44,pacific,ios_mobile,50000_to_74999
118681564050,457656552,08/30/2024 02:54:54 PM,08/30/2024 02:55:12 PM,,,,,201f7f6e5503db9f10605844f1,smc,Last hour,ChatGPT,,male,30_to_44,east_south_central,android_mobile,150000_to_174999
118681563744,457656552,08/30/2024 02:54:14 PM,08/30/2024 02:54:31 PM,,,,,6ff21e35a7bb76b1d4280eddba,smc,Yesterday,Google,,female,60_above,pacific,pc_windows,75000_to_99999
118681562981,457656552,08/30/2024 02:52:37 PM,08/30/2024 02:52:53 PM,,,,,6a34fdf5aa966ab8d916a3f213,smc,Today,Google,,female,30_to_44,middle_atlantic,android_mobile,75000_to_99999
118681562712,457656552,08/30/2024 02:51:33 PM,08/30/2024 02:52:18 PM,,,,,5e5c080cab4fe716d510bfbc3e,smc,This month,Google,,male,30_to_44,pacific,android_mobile,200000_and_up
118681562435,457656552,08/30/2024 02:51:19 PM,08/30/2024 02:51:41 PM,,,,,cd2edc76fb0e838e6d5776dc92,smc,Last hour,Google,,male,30_to_44,,android_mobile,200000_and_up
118681562301,457656552,08/30/2024 02:51:09 PM,08/30/2024 02:51:25 PM,,,,,f06c29a3b0cceb87b98fad9300,smc,Today,Google,,male,30_to_44,middle_atlantic,android_mobile,100000_to_124999
118681562242,457656552,08/30/2024 02:51:06 PM,08/30/2024 02:51:17 PM,,,,,29c4f921a2ad745b91b0d40bb0,smc,Today,Google,,male,30_to_44,pacific,android_mobile,75000_to_99999
118681560216,457656552,08/30/2024 02:46:52 PM,08/30/2024 02:47:04 PM,,,,,a5fdf3661aa2ea3d1cb6c6f17a,smc,Today,Google,,female,30_to_44,west_south_central,ios_mobile,50000_to_74999
118681559917,457656552,08/30/2024 02:46:13 PM,08/30/2024 02:46:28 PM,,,,,dfeb34cb5efc7ab55ad36bebcf,smc,Today,Google,,female,45_to_60,east_north_central,ios_mobile,125000_to_149999
118681559055,457656552,08/30/2024 02:44:20 PM,08/30/2024 02:44:39 PM,,,,,3efe8b40817efe8ee3778a5be3,smc,This week,Google,,male,30_to_44,east_north_central,ios_mobile,125000_to_149999
118681558617,457656552,08/30/2024 02:43:28 PM,08/30/2024 02:43:45 PM,,,,,2a831161e07053df6a2a873fc0,smc,Today,Google,,female,30_to_44,east_north_central,ios_mobile,75000_to_99999
118681558498,457656552,08/30/2024 02:43:06 PM,08/30/2024 02:43:29 PM,,,,,3b9d1a7dcdd9ecedb86a26ca5f,smc,This week,Google,,male,30_to_44,pacific,android_mobile,10000_to_24999
118681558230,457656552,08/30/2024 02:42:39 PM,08/30/2024 02:42:52 PM,,,,,fb3b1c9abff827496c6a2a2997,smc,Today,Google,,female,30_to_44,south_atlantic,android_mobile,25000_to_49999
118681557426,457656552,08/30/2024 02:41:05 PM,08/30/2024 02:41:15 PM,,,,,9bd41a684ce26e3603b8cd073d,smc,Today,ChatGPT,,male,18_to_29,south_atlantic,ios_mobile,50000_to_74999
118681556834,457656552,08/30/2024 02:39:49 PM,08/30/2024 02:40:03 PM,,,,,67fcbd678475e22b04dbda9a0a,smc,Today,Google,,female,30_to_44,middle_atlantic,android_mobile,100000_to_124999
118681556462,457656552,08/30/2024 02:39:00 PM,08/30/2024 02:39:20 PM,,,,,8279a8a8ad7456c173fc93803e,smc,Today,ChatGPT,,female,30_to_44,middle_atlantic,android_mobile,175000_to_199999
118681556229,457656552,08/30/2024 02:38:20 PM,08/30/2024 02:38:52 PM,,,,,25219dccb15c50cd161fce0776,smc,Last hour,Other (please specify),Safari,female,60_above,middle_atlantic,ios_mobile,25000_to_49999
118681556141,457656552,08/30/2024 02:38:25 PM,08/30/2024 02:38:43 PM,,,,,8201f5cc1682d4797a973e06e1,smc,Today,ChatGPT,,male,45_to_60,south_atlantic,android_mobile,100000_to_124999
118681556080,457656552,08/30/2024 02:38:11 PM,08/30/2024 02:38:35 PM,,,,,49faa247b40f07405feb5874fd,smc,Today,DuckDuckGo,,male,60_above,middle_atlantic,ios_mobile,50000_to_74999
118681556066,457656552,08/30/2024 02:38:23 PM,08/30/2024 02:38:33 PM,,,,,16c008e6be5f6410acecfc4c88,smc,Yesterday,Perplexity,,male,45_to_60,middle_atlantic,android_mobile,175000_to_199999
118681556016,457656552,08/30/2024 02:38:13 PM,08/30/2024 02:38:27 PM,,,,,981763c5bb279aceb07c83fc31,smc,Today,DuckDuckGo,,male,60_above,east_north_central,ios_mobile,75000_to_99999
118681555565,457656552,08/30/2024 02:36:57 PM,08/30/2024 02:37:27 PM,,,,,8cdccf1e220210c2c39022d6b5,smc,Last hour,Other (please specify),gemini,female,30_to_44,pacific,android_mobile,25000_to_49999
118681553830,457656552,08/30/2024 02:33:50 PM,08/30/2024 02:33:59 PM,,,,,aadab8cc1af6d7d92115d5c5d8,smc,This week,Bing,,female,18_to_29,west_south_central,ios_mobile,50000_to_74999
118681553678,457656552,08/30/2024 02:33:06 PM,08/30/2024 02:33:40 PM,,,,,569e19d900038cdd411923aa71,smc,Last hour,Google,,male,30_to_44,pacific,android_mobile,75000_to_99999
118681552531,457656552,08/30/2024 02:30:47 PM,08/30/2024 02:31:18 PM,,,,,52ef24f726dd22df6ef2c6453c,smc,Yesterday,Google,,female,60_above,east_south_central,ios_mobile,10000_to_24999
118681548500,457656552,08/30/2024 02:21:31 PM,08/30/2024 02:23:29 PM,,,,,c5c85cad419ace3f06589b0b04,smc,Today,Google,,male,45_to_60,,android_mobile,200000_and_up
118681548431,457656552,08/30/2024 02:23:04 PM,08/30/2024 02:23:18 PM,,,,,90bbe71ec1709d8cfed039afa2,smc,Last hour,Google,,female,18_to_29,east_south_central,ios_mobile,25000_to_49999
118681547589,457656552,08/30/2024 02:21:23 PM,08/30/2024 02:21:40 PM,,,,,903e9c4a38eff1158f10d03af3,smc,Last hour,Google,,male,60_above,new_england,pc_windows,125000_to_149999
118681545774,457656552,08/30/2024 02:17:49 PM,08/30/2024 02:18:07 PM,,,,,ab3d5638c446e62f38a6e9ae37,smc,Yesterday,Bing,,male,45_to_60,east_north_central,ios_mobile,10000_to_24999
118681545060,457656552,08/30/2024 02:16:22 PM,08/30/2024 02:16:41 PM,,,,,ff93e926c24983bec2b354f938,smc,Today,Google,,female,60_above,mountain,android_mobile,25000_to_49999
118681545051,457656552,08/30/2024 02:16:20 PM,08/30/2024 02:16:39 PM,,,,,0c7ce1bb490c49f1ac2430ead4,smc,Today,Google,,female,60_above,pacific,ios_mobile,150000_to_174999
118681544238,457656552,08/30/2024 02:14:42 PM,08/30/2024 02:14:58 PM,,,,,8d5abe2cf81204a6cbf14faa59,smc,Today,Google,,male,30_to_44,south_atlantic,android_mobile,150000_to_174999
118681543849,457656552,08/30/2024 02:14:03 PM,08/30/2024 02:14:15 PM,,,,,01e6731ce736397a9d1d145776,smc,Today,Google,,female,30_to_44,middle_atlantic,android_mobile,75000_to_99999
118681543776,457656552,08/30/2024 02:13:53 PM,08/30/2024 02:14:08 PM,,,,,387c621351626570517c98e845,smc,Yesterday,ChatGPT,,female,18_to_29,middle_atlantic,android_mobile,0_to_9999
118681543479,457656552,08/30/2024 02:13:10 PM,08/30/2024 02:13:33 PM,,,,,630e921d26284f18976e290011,smc,Today,Google,,female,45_to_60,west_south_central,ios_mobile,125000_to_149999
118681542484,457656552,08/30/2024 02:11:07 PM,08/30/2024 02:11:32 PM,,,,,adda3e1cea80424af61ca1c7c3,smc,Yesterday,Google,,male,60_above,south_atlantic,ios_mobile,50000_to_74999
118681537565,457656552,08/30/2024 02:02:15 PM,08/30/2024 02:02:34 PM,,,,,e0cb523fa030b24101ebc205b3,smc,Today,Google,,female,30_to_44,east_north_central,android_mobile,100000_to_124999
118681534996,457656552,08/30/2024 01:58:20 PM,08/30/2024 01:58:42 PM,,,,,ee8f46bcea1639beeaa2536d31,smc,Last hour,Claude,,female,45_to_60,middle_atlantic,android_mobile,100000_to_124999
118681534929,457656552,08/30/2024 01:58:22 PM,08/30/2024 01:58:36 PM,,,,,5182d4ae1fbe432a29ef56eba2,smc,This month,Google,,female,60_above,middle_atlantic,android_mobile,150000_to_174999
118681533442,457656552,08/30/2024 01:55:35 PM,08/30/2024 01:55:58 PM,,,,,3b041b6930039c1abdd67efc5a,smc,Today,Google,,female,30_to_44,east_north_central,android_mobile,no_answer
118681530227,457656552,08/30/2024 01:50:07 PM,08/30/2024 01:50:21 PM,,,,,faa7304ee1ffea2df7c08435f1,smc,Last hour,Google,,female,30_to_44,middle_atlantic,ios_mobile,100000_to_124999
118681529250,457656552,08/30/2024 01:46:45 PM,08/30/2024 01:48:31 PM,,,,,b02ba6be771680cfd4d581fc43,smc,Last hour,ChatGPT,,male,45_to_60,west_south_central,android_mobile,100000_to_124999
118681528673,457656552,08/30/2024 01:47:05 PM,08/30/2024 01:47:29 PM,,,,,9f881f569926706ab189e99942,smc,This week,Google,,female,45_to_60,middle_atlantic,android_mobile,200000_and_up
118681528090,457656552,08/30/2024 01:46:05 PM,08/30/2024 01:46:25 PM,,,,,60590c139a25ed86ec4d88d180,smc,This month,Google,,female,45_to_60,west_north_central,android_mobile,10000_to_24999
118681527560,457656552,08/30/2024 01:45:19 PM,08/30/2024 01:45:32 PM,,,,,3647ce98141a2e244293e81624,smc,Last hour,Google,,female,60_above,pacific,android_mobile,no_answer
118681527264,457656552,08/30/2024 01:44:42 PM,08/30/2024 01:45:08 PM,,,,,633b98121fc852e9d182ad7eb1,smc,Today,Yahoo,,male,60_above,middle_atlantic,android_mobile,150000_to_174999
118681527163,457656552,08/30/2024 01:44:34 PM,08/30/2024 01:44:55 PM,,,,,5378c0756c8b2ad34f1d254c7a,smc,Last hour,Yahoo,,male,45_to_60,middle_atlantic,android_mobile,100000_to_124999
118681525493,457656552,08/30/2024 01:42:02 PM,08/30/2024 01:42:26 PM,,,,,5737e49bc7a3a8a132dab6b535,smc,This week,Google,,female,60_above,new_england,android_mobile,10000_to_24999
118681520875,457656552,08/30/2024 01:34:05 PM,08/30/2024 01:34:37 PM,,,,,286f09739ea2f60bfe63fa0fa5,smc,Today,Bing,,female,45_to_60,middle_atlantic,ios_mobile,75000_to_99999
118681520357,457656552,08/30/2024 01:26:30 PM,08/30/2024 01:33:48 PM,,,,,e0936cbe2503e978a02baf05be,smc,Last hour,Google,,female,30_to_44,south_atlantic,ios_mobile,125000_to_149999
118681518361,457656552,08/30/2024 01:30:04 PM,08/30/2024 01:30:21 PM,,,,,f8afac18998d01f57fdb0d5cd4,smc,Last hour,Google,,female,30_to_44,west_south_central,android_mobile,25000_to_49999
118681517455,457656552,08/30/2024 01:27:26 PM,08/30/2024 01:28:41 PM,,,,,f3c66b96667fb13575e73b8065,smc,Yesterday,Google,,female,45_to_60,south_atlantic,android_mobile,10000_to_24999
118681517394,457656552,08/30/2024 01:28:22 PM,08/30/2024 01:28:35 PM,,,,,44b81822b07571761c255793b4,smc,Last hour,Perplexity,,female,18_to_29,south_atlantic,ios_mobile,200000_and_up
118681517082,457656552,08/30/2024 01:27:21 PM,08/30/2024 01:28:06 PM,,,,,71d24d682094423b0b196fd909,smc,This week,Google,,female,30_to_44,west_north_central,android_mobile,25000_to_49999
118681516542,457656552,08/30/2024 01:26:52 PM,08/30/2024 01:27:07 PM,,,,,89c2da5e9a021215b1195a6295,smc,Last hour,Google,,female,30_to_44,south_atlantic,ios_mobile,50000_to_74999
118681516422,457656552,08/30/2024 01:26:29 PM,08/30/2024 01:26:53 PM,,,,,bfb343bf6bb952a5d15c9f155d,smc,Yesterday,Google,,female,18_to_29,south_atlantic,ios_mobile,50000_to_74999
118681516394,457656552,08/30/2024 01:26:24 PM,08/30/2024 01:26:49 PM,,,,,232c97bf798c4567ae71bc42ba,smc,Last hour,DuckDuckGo,,male,60_above,middle_atlantic,android_mobile,150000_to_174999
118681516375,457656552,08/30/2024 01:26:31 PM,08/30/2024 01:26:48 PM,,,,,c4e20e5939adcf610768b393d5,smc,Yesterday,Bing,,female,30_to_44,middle_atlantic,android_mobile,125000_to_149999
118681516321,457656552,08/30/2024 01:26:31 PM,08/30/2024 01:26:41 PM,,,,,510baf1a80e403d0bfe00d6c81,smc,Yesterday,Google,,female,45_to_60,middle_atlantic,android_mobile,175000_to_199999
118681516318,457656552,08/30/2024 01:26:19 PM,08/30/2024 01:26:41 PM,,,,,06a6833571e2da1007eb199f1d,smc,Last hour,Google,,male,18_to_29,mountain,android_mobile,25000_to_49999
118681516265,457656552,08/30/2024 01:26:22 PM,08/30/2024 01:26:36 PM,,,,,e1d535bc4bb9f9ef0d3d4be6ab,smc,Today,ChatGPT,,male,60_above,middle_atlantic,android_mobile,150000_to_174999
118681516208,457656552,08/30/2024 01:26:20 PM,08/30/2024 01:26:32 PM,,,,,ef43dd1ed1e1851af287a74bad,smc,Today,Perplexity,,male,18_to_29,,android_mobile,10000_to_24999
118681516182,457656552,08/30/2024 01:26:17 PM,08/30/2024 01:26:29 PM,,,,,bd26d48afd437c2831720a997d,smc,Yesterday,Yahoo,,male,30_to_44,,ios_mobile,no_answer
118681516173,457656552,08/30/2024 01:26:17 PM,08/30/2024 01:26:28 PM,,,,,b703f74a8673cf379e7dda704a,smc,Today,Google,,male,18_to_29,new_england,android_mobile,75000_to_99999
